"regcust","age","sex","type","regyear","regmon"
"arllzxpd",20,"M","Premium",2016,5
"ckbxzluh",31,"M","Premium",2016,5
"mzpabcxt",28,"M","Premium",2016,5
"yxpsucwv",20,"M","Basic",2016,5
"xqatbtna",30,"M","Premium",2016,5
"gkueovqi",12,"M","Basic",2016,5
"fuwwdpsm",14,"M","Basic",2016,5
"cudjibty",32,"M","Basic",2016,5
"qyqedbzn",24,"F","Basic",2016,5
"odsglpfu",33,"M","Basic",2016,5
"qlmoduxw",20,"M","Basic",2016,5
"iavgannc",16,"M","Premium",2016,5
"shkvbhpi",11,"M","Basic",2016,5
"iusdywjt",19,"M","Basic",2016,5
"rpzxeobb",38,"M","Basic",2016,5
"lorcpsvy",10,"M","Basic",2016,5
"hekmnwjm",15,"M",NA,2016,5
"aynnqkfi",37,"F","Basic",2016,5
"zgqnwrms",15,"M","Basic",2016,5
"hrlvqkqf",34,"M","Basic",2016,5
"praoghms",32,"F","Basic",2016,5
"adtahhjm",14,"M","Basic",2016,5
"ceqzhjjr",40,"F","Basic",2016,5
"pbrzmzuj",14,"M","Basic",2016,5
"ziureqnf",10,"M","Basic",2016,5
"ifossgfj",15,"M","Basic",2016,5
"wvxbvzzp",25,"M","Basic",2016,5
"fmlryahf",39,"M","Basic",2016,5
"eogqjbpk",12,"M","Basic",2016,5
"rneblgqc",19,"M","Basic",2016,5
"gylvwezr",18,"M","Basic",2016,5
"icjqvncf",22,"F","Basic",2016,5
"xivawjma",20,"M","Basic",2016,5
"tehaetul",31,"M","Basic",2016,5
"gkhjdxvu",24,"F","Premium",2016,5
"ietzwdfx",18,"F","Basic",2016,5
"hvspiowo",25,"M","Premium",2016,5
"pgjctwat",40,"F","Basic",2016,5
"ddqfdhzy",12,"M","Basic",2016,5
"bcxxnwsg",35,"M","Basic",2016,5
"pkigxpsc",16,"M","Basic",2016,5
"wydgmrvx",12,"M","Basic",2016,5
"xvszincm",32,"M","Basic",2016,5
"ngmkwcni",11,"M","Basic",2016,5
"jnszgakj",10,"F","Premium",2016,5
"tuwjqhtx",26,"F","Basic",2016,5
"mqsdycqi",40,"M","Basic",2016,5
"acdmvelw",29,"M","Basic",2016,5
"shnldoay",19,"M","Basic",2016,5
"vddwchpx",10,"F","Basic",2016,5
"ixnfwjat",37,"F","Basic",2016,5
"jkikavus",16,"M","Basic",2016,5
"avjztlnq",27,"M","Basic",2016,5
"nttgcrlp",32,"M","Basic",2016,5
"crugkjbn",24,"F","Premium",2016,5
"rlmulrvb",24,NA,"Basic",2016,5
"aqqupynt",17,"F","Premium",2016,5
"hguoxjte",16,"M","Basic",2016,5
"fzxttrec",19,"M","Basic",2016,5
"pckiroax",40,"M","Basic",2016,5
"kzdmznfl",29,"F","Premium",2016,5
"sptnjnko",24,"M","Basic",2016,5
"wmauvslm",37,"F","Basic",2016,5
"msnpsmte",17,"M","Premium",2016,5
"nmsiuaaj",34,"M","Basic",2016,5
"qfyhscgs",24,"M","Premium",2016,5
"dspqpzeu",10,"M","Basic",2016,5
"yhbdqany",40,"M","Premium",2016,5
"hqnehuhn",14,"F","Basic",2016,5
"cbqxxsfz",28,"M","Premium",2016,5
"fasjlfzh",34,"M","Basic",2016,5
"rxblpgtj",29,"M","Premium",2016,5
"ozwseldj",17,"M","Basic",2016,5
"aggcfckl",38,"M",NA,2016,5
"thzkzzni",37,"F","Basic",2016,5
"cunwdfpj",39,"F","Basic",2016,5
"satjbmcr",29,"M","Basic",2016,5
"uzuqamse",30,"M","Basic",2016,5
"pjiiiofs",11,"M","Basic",2016,5
"asfuzrnr",12,"M","Basic",2016,5
"tsncnxax",15,"M","Basic",2016,5
"crhykdfi",17,"F","Basic",2016,5
"cjdsgeca",18,"M","Basic",2016,5
"ilwmjnxa",19,"M","Basic",2016,5
"ytspkuev",21,"F","Basic",2016,5
"sgugystg",38,"M","Basic",2016,5
"zdciuddm",34,"M","Basic",2016,5
"isbuvuhc",14,"M","Basic",2016,5
"ivmymcix",18,"M","Basic",2016,5
"tgkuqdzi",13,"M","Basic",2016,5
"hpctssaw",16,"F","Premium",2016,5
"buigyrjd",40,"M","Basic",2016,5
"yhfytosp",35,"M","Basic",2016,5
"njckpmtb",31,"F","Basic",2016,5
"eennytze",12,"M","Basic",2016,5
"wvjpcoom",14,"M","Premium",2016,5
"kfaonqjc",23,"F","Basic",2016,5
"bmqeglxp",12,"F","Premium",2016,5
"smxjscvh",36,"M","Premium",2016,5
"scpgqqjo",26,"M","Basic",2016,5
"qlvrjzgg",21,"F","Premium",2016,5
"yzswcplm",15,"M","Premium",2016,5
"oveqsokv",32,"M","Basic",2016,5
"awnodmmt",19,"F","Basic",2016,5
"ycyckdru",31,"M","Basic",2016,5
"czjkzrsf",21,"M","Premium",2016,5
"bltgoeog",37,"M","Premium",2016,5
"mhxpdaao",19,"M","Basic",2016,5
"bcjhqdse",31,"F","Premium",2016,5
"lfcrlwvc",31,"F","Basic",2016,5
"yxovlzpp",21,"F","Basic",2016,5
"sdcaakzl",19,"M","Basic",2016,5
"xutleddl",29,"F","Basic",2016,5
"bgjgmixw",13,"M","Premium",2016,5
"inqptdup",10,"F","Basic",2016,5
"tpbvfupw",22,"F","Basic",2016,5
"jmgwooqg",21,"F","Basic",2016,5
"dbstcmzj",17,"F","Basic",2016,5
"xybseqrp",35,"M","Basic",2016,5
"jmfmohwk",17,NA,"Premium",2016,5
"uxbkrzbx",24,"M","Basic",2016,5
"ximzpqac",12,"M","Basic",2016,5
"ewopahrl",18,"M","Basic",2016,5
"idycgapo",19,"F","Premium",2016,5
"oncmozyn",24,"F","Premium",2016,5
"opuujsdl",13,"M","Basic",2016,5
"zbzwonfv",16,"F","Basic",2016,5
"ktuvihad",35,NA,"Basic",2016,5
"zhlkbkbp",39,"M","Basic",2016,5
"gqstbdxr",38,"M","Premium",2016,5
"psumdxpq",20,"M","Basic",2016,5
"xnvppkgv",26,"M","Basic",2016,5
"lwntfxlq",40,"M","Basic",2016,5
"wwvilyed",17,"M","Basic",2016,5
"rdybuvtw",39,"F","Basic",2016,5
"qrobjjpa",29,"M","Basic",2016,5
"xoaavxbr",30,"M","Basic",2016,5
"izktgpdr",13,"F","Basic",2016,5
"ilwyvfro",31,"F","Basic",2016,5
"rlfpnzzy",17,"F","Premium",2016,5
"wshxaati",28,"M","Basic",2016,5
"htuyzhts",32,"M","Basic",2016,5
"rvdervfh",16,"M","Basic",2016,5
"znzsqfbu",17,"F","Premium",2016,5
"bsjyhhqy",15,"F","Basic",2016,5
"ubouuyxt",28,"M","Basic",2016,5
"lgwefhmt",33,"F","Premium",2016,5
"tccihrhk",36,"M","Basic",2016,5
"yomyvciz",35,"F","Basic",2016,5
"bbktbliy",26,"M","Basic",2016,5
"ndmdaqzc",29,"M","Basic",2016,5
"fwmnbmcu",17,"F","Basic",2016,5
"lyetowet",20,"M","Basic",2016,5
"cdvmdumk",33,"F","Basic",2016,5
"bfcabojg",30,"M","Basic",2016,5
"xznlvzhv",11,"M","Basic",2016,5
"mkgjtism",36,"M","Basic",2016,5
"gaqgvtwm",25,"M","Premium",2016,5
"qzfmszjy",21,"F","Basic",2016,5
"jijbpxhn",24,"M","Basic",2016,5
"lpeiylbl",33,"M","Basic",2016,5
"wqalmqwk",18,"M","Basic",2016,5
"wskwiwdr",22,"M","Basic",2016,5
"wqxkvvge",22,"F","Basic",2016,5
"ihofqgmv",20,"M","Basic",2016,5
"fxwcaqec",13,"M","Basic",2016,5
"wjhsefks",24,"F","Premium",2016,5
"ssuksmxy",31,"F","Basic",2016,5
"fhjwtqlg",14,"M","Basic",2016,5
"wubraowq",13,"M","Premium",2016,5
"xiocmksc",29,"M","Basic",2016,5
"jnalkjen",20,"F","Basic",2016,5
"ztuieqaw",34,"M","Basic",2016,5
"ypojzyky",26,"M","Basic",2016,5
"ixphfxkx",34,"M","Basic",2016,5
"gnyjguib",22,"M","Basic",2016,5
"acqsmtod",24,"F","Premium",2016,5
"qhembbiq",27,"M","Basic",2016,5
"xqmczdoy",40,"M","Basic",2016,5
"fzqmnpfv",18,"M","Basic",2016,5
"tiuacuht",36,"M","Basic",2016,5
"fvrresim",15,"F","Basic",2016,5
"jfocahhm",20,"F","Basic",2016,5
"vkyqledk",20,"M","Basic",2016,5
"hghfytgg",16,"M","Basic",2016,5
"dwubooxe",14,"F","Basic",2016,5
"glwclyya",32,"F","Premium",2016,5
"zqsebjae",28,"M","Basic",2016,5
"jizjtcmf",36,"M","Basic",2016,5
"txkfgjpc",14,"F","Basic",2016,5
"uehgyequ",21,"M","Premium",2016,5
"kvpklipv",29,"M","Basic",2016,5
"khudyypa",10,"F","Basic",2016,5
"tjiklamq",33,"F","Basic",2016,5
"zcbfqcre",25,"M","Basic",2016,5
"sbafpwmv",11,"M","Basic",2016,5
"rglwfgvl",13,"M","Basic",2016,5
"yqcktzsu",12,"M","Basic",2016,5
"qsbmeozz",19,"M","Basic",2016,5
"hqbhhlhz",29,"M","Basic",2016,5
"nukvjmde",16,"M","Basic",2016,5
"kqxebbkj",10,"M","Premium",2016,5
"jisgllrj",31,"M","Premium",2016,5
"mrfwkxkd",36,"M","Basic",2016,5
"hwmxdjkx",14,"F","Premium",2016,5
"kwvbxvxz",22,"M","Basic",2016,5
"zyabfkmb",24,"M","Basic",2016,5
"awviilqy",12,"M","Basic",2016,5
"acvimqbo",10,"F","Basic",2016,5
"vblfaner",22,"F","Basic",2016,5
"upuhsorc",33,"M","Basic",2016,5
"qcfwqqpz",10,"M","Basic",2016,5
"pcfsvmaz",29,"F","Basic",2016,5
"cuelivcl",18,"M","Basic",2016,5
"enmykvas",31,"M","Basic",2016,5
"kbmmihef",24,"M","Basic",2016,5
"ahsvpmgl",36,"M","Basic",2016,5
"ppfyccku",33,"M","Basic",2016,5
"tiixfxlk",23,"M","Basic",2016,5
"eybvjjxa",10,"F","Basic",2016,5
"pvrzkgis",32,"M","Basic",2016,5
"ypenduay",18,"F","Basic",2016,5
"lpmrtehx",15,"M","Basic",2016,5
"dadeymry",36,"F","Basic",2016,5
"zekpffsd",25,"M","Basic",2016,5
"dhprlbmm",29,"M","Basic",2016,5
"ovzabncp",24,"M","Basic",2016,5
"vcwfbfyh",26,"M","Premium",2016,5
"dzlupqna",20,"M","Basic",2016,5
"wdhnlknv",14,NA,"Basic",2016,5
"uyjpuglk",28,"M",NA,2016,5
"qmunmhvi",33,"F","Basic",2016,5
"breazpok",20,"M","Basic",2016,5
"bfqmrjuk",13,"M","Basic",2016,5
"aijluwqt",30,"M","Basic",2016,5
"okszjcdc",36,"F","Premium",2016,5
"aegnxxlq",10,"M","Basic",2016,5
"vqrknjfn",30,"M","Basic",2016,5
"hduhqnlz",17,"M","Basic",2016,5
"xoujfqsx",15,"M","Basic",2016,5
"stpnsegt",19,"M","Basic",2016,5
"ajmfjnpz",29,"F","Basic",2016,5
"zawlxnmf",29,"M","Basic",2016,5
"efbkqysw",38,"M","Basic",2016,5
"ipulcffu",20,NA,"Basic",2016,5
"sdjyntwl",37,"F","Basic",2016,5
"cyjjaacj",19,"F","Basic",2016,5
"icaolkbe",32,"M","Premium",2016,5
"sclsfmpt",28,"M","Basic",2016,5
"kossndpz",26,"F","Basic",2016,5
"bbnpvvpj",35,"F","Basic",2016,5
"hyhcgfga",36,"M","Basic",2016,5
"etobuxkn",28,"M","Basic",2016,5
"tdbwrhdb",14,"M","Basic",2016,5
"fdwqtzqa",36,"M","Basic",2016,5
"brzatbup",20,"M","Basic",2016,5
"zgizvzpt",30,"F","Premium",2016,5
"zyjjizgy",14,"M","Basic",2016,5
"olakctbv",19,"M","Basic",2016,5
"zggbjbtu",39,"M","Basic",2016,5
"nhetcjtb",21,"F","Basic",2016,5
"mxzmzcwz",37,"M","Premium",2016,5
"itdqrjvh",22,"M","Basic",2016,5
"ffuocjzs",17,"M","Basic",2016,5
"fmfmiiqf",21,"M","Basic",2016,5
"vuszpmjg",31,"M","Basic",2016,5
"wnfszcgq",36,"F","Basic",2016,5
"tvhpyhyl",27,"M","Basic",2016,5
"tgasigkt",12,"F","Basic",2016,5
"snwdfedn",34,"M","Premium",2016,5
"vnoaacjc",37,"F","Basic",2016,5
"xwxskxmw",33,"M","Basic",2016,5
"pusbaapr",26,"M","Basic",2016,5
"wvpgivzs",33,"F","Basic",2016,5
"tgguufhv",37,"M","Basic",2016,5
"fzgdsoxv",13,"F","Basic",2016,5
"xwzgmjmt",15,"M","Premium",2016,5
"omrzuuje",28,"M","Basic",2016,5
"hzqdtkre",10,"F","Basic",2016,5
"nrrhekww",33,"M","Basic",2016,5
"jhhyfzmy",31,"F","Premium",2016,5
"xvwbamjc",27,"M","Basic",2016,5
"jhilyjxn",29,"F","Basic",2016,5
"aukxmtem",28,"M","Basic",2016,5
"lehutkjq",17,"M","Basic",2016,5
"qcupleyj",13,"F","Basic",2016,5
"emvaxfia",16,"M","Basic",2016,5
"gophznku",11,"F","Basic",2016,5
"bbwxtjve",36,"F","Premium",2016,5
"rykoawsp",20,"M","Basic",2016,5
"hlfivmve",32,"M","Basic",2016,5
"fxenlvhx",27,"M","Basic",2016,5
"emibrlly",30,"M","Basic",2016,5
"btmgaexz",21,"F","Basic",2016,5
"jpkzoavh",21,"M","Basic",2016,5
"qtvbfcjr",23,"M","Basic",2016,5
"vntxrdth",37,"F","Basic",2016,5
"mpomdhxo",21,"M","Basic",2016,5
"wfprxvsi",40,"M","Basic",2016,5
"ylwqzuqv",25,"M","Basic",2016,5
"ihrysine",32,"F","Basic",2016,5
"rczyezed",31,"M","Premium",2016,5
"ytneeebp",40,"M","Premium",2016,5
"qfxyzbzq",21,"F","Basic",2016,5
"motrhkbs",25,"F","Basic",2016,5
"ipmdmiso",15,"F","Basic",2016,5
"ablzrpgi",11,"M","Basic",2016,5
"pjezarno",18,"F","Basic",2016,5
"iopjahuq",32,"M","Basic",2016,5
"konksbqy",28,"M","Basic",2016,5
"arypmobt",35,"M","Basic",2016,5
"vxopkxya",26,"M","Basic",2016,5
"iklxdoii",12,"M","Basic",2016,5
"sgwigsrx",30,"M","Basic",2016,5
"sdfzgycf",21,"M","Basic",2016,5
"sabdexyl",35,"M",NA,2016,5
"hysvradu",19,"F","Premium",2016,5
"gfukjyim",30,"M","Basic",2016,5
"pilmvjwh",17,"F","Premium",2016,5
"nutvhhhz",18,"M","Basic",2016,5
"zytpuljr",13,"M","Basic",2016,5
"esfoanuf",40,"M","Basic",2016,5
"evjhazmz",20,"M","Basic",2016,5
"khlvnrkm",32,"F","Basic",2016,5
"afkzqdoa",37,"M","Basic",2016,5
"qxcdavzd",25,"M","Basic",2016,5
"iqebdtpe",35,"M","Basic",2016,5
"ddqvuifn",25,"F","Basic",2016,5
"eeauvytg",30,"M","Basic",2016,5
"zjzythnq",15,NA,"Basic",2016,5
"gxtuduiu",24,"M",NA,2016,5
"igdzizdj",19,"F","Premium",2016,5
"gnjmnnbx",18,"M","Premium",2016,5
"yjcsywvk",11,"M","Premium",2016,5
"npxjzriw",28,"M","Basic",2016,5
"rskskzoj",30,"M","Basic",2016,5
"nhkroozu",40,"M","Basic",2016,5
"qlrrfrap",34,"M","Basic",2016,5
"rfrpycqt",40,"M","Basic",2016,5
"xjosfipf",39,"F","Basic",2016,5
"qgxgikts",22,"F","Basic",2016,5
"xdzxlftk",23,"M","Basic",2016,5
"evwkagef",35,"M","Basic",2016,5
"jgryvkph",20,"M","Premium",2016,5
"gskecqhc",29,"F","Premium",2016,5
"abmvzsgk",22,"M","Basic",2016,5
"ukhnnash",37,"F","Basic",2016,5
"oxscgeer",21,"M","Premium",2016,5
"hdvbjwrh",36,"F","Basic",2016,5
"snpjszpl",23,"M","Basic",2016,5
"rgilmkzv",24,"M","Basic",2016,5
"csyerexi",24,"M","Premium",2016,5
"dnshlykn",17,"M","Basic",2016,5
"grherisg",19,"M","Basic",2016,5
"sfjjifte",22,"F","Premium",2016,5
"pmstbokc",32,"M","Basic",2016,5
"sisrhehw",29,"M","Basic",2016,5
"zsksjjpu",16,"F","Basic",2016,5
"qwfxsqbi",26,"M","Premium",2016,5
"orykdwrk",22,"F","Basic",2016,5
"nszrewut",24,"M","Basic",2016,5
"flvvwxre",33,"F","Basic",2016,5
"jxilufvu",15,"M","Basic",2016,5
"xsvbkgzb",34,"F","Basic",2016,5
"ttjqqyux",27,"M","Basic",2016,5
"mljbhzwo",26,"M","Basic",2016,5
"syneeqpy",34,"M","Basic",2016,5
"wuqbucah",40,"F","Basic",2016,5
"einjcmtb",18,"M","Basic",2016,5
"imqbglxh",39,"M","Premium",2016,5
"qgshwbqu",25,"M","Premium",2016,5
"ddbnzdmg",17,"M","Basic",2016,5
"fzixiymt",30,"M","Basic",2016,5
"qauaducg",19,"F","Basic",2016,5
"bybnaeie",20,"M","Basic",2016,5
"lxrpdgiy",14,"F","Basic",2016,5
"ogxptegs",22,"F","Basic",2016,5
"hcxwlpoh",23,"M","Basic",2016,5
"ipbxroxl",36,NA,"Basic",2016,5
"eezdrliv",29,"M","Basic",2016,5
"sfmoilcn",12,"M","Basic",2016,5
"tsywlepr",36,"M","Basic",2016,5
"zdrokaed",34,"F","Basic",2016,5
"xyqovnjr",34,"F","Premium",2016,5
"qhpqflda",34,"M","Basic",2016,5
"mbumxtmu",26,"F","Basic",2016,5
"ncqgjnsg",10,"M","Basic",2016,5
"qdndelxr",11,"M","Basic",2016,5
"zehzbxhz",35,"M","Basic",2016,5
"oqpybqxe",29,"M","Premium",2016,5
"xqwuvtkw",35,"M","Basic",2016,5
"izwmnroj",15,"F","Premium",2016,5
"gatycxyy",32,"F","Basic",2016,5
"ukxqmbjk",24,"M","Basic",2016,5
"mshqdkkr",29,"M","Basic",2016,5
"xqtpvkzp",20,"M","Basic",2016,5
"asnzcrwn",25,"M","Premium",2016,5
"bgqkidcc",22,"M","Premium",2016,5
"uqqktqeu",18,"M","Basic",2016,5
"jvhpbugn",25,"F","Basic",2016,5
"kqokkbyx",30,"F","Basic",2016,5
"gkeqfxgb",15,"M","Basic",2016,5
"kvrrhrov",18,"M","Basic",2016,5
"lgxrrnrd",40,"M","Basic",2016,5
"mgoulrqv",32,"F","Premium",2016,5
"qeyfqztk",28,"M","Basic",2016,5
"cbfevpex",18,"F","Basic",2016,5
"wjwbmyiy",12,"M","Basic",2016,5
"rojxnnjy",16,"M","Basic",2016,5
"avowshye",12,"M","Premium",2016,5
"jnlwvvob",34,"M","Basic",2016,5
"lahqdtga",15,"M","Basic",2016,5
"uehljpdn",17,"M","Basic",2016,5
"yusiecag",28,"M","Basic",2016,5
"bojuekvk",32,"F","Basic",2016,5
"bhhodzeg",35,"M","Basic",2016,5
"mtmkwoon",14,"M","Basic",2016,5
"inclxqca",20,"M","Basic",2016,5
"vcnupbuh",12,"F","Basic",2016,5
"zuomhasm",21,"M","Premium",2016,5
"gtjlrcgh",22,"M","Premium",2016,5
"irckphhl",24,"M","Basic",2016,5
"kwjyhwzi",17,"M","Basic",2016,5
"hwhvjics",29,"M","Premium",2016,5
"lbtdudyt",26,"M","Basic",2016,5
"rjrzyuma",19,"F","Basic",2016,5
"ubswnnrl",39,"F","Basic",2016,5
"wbvsngph",32,"M","Basic",2016,5
"epuspclt",26,"M","Basic",2016,5
"slrbrlqd",11,"M","Premium",2016,5
"fimwcevd",33,"M","Basic",2016,5
"yrfmqsha",26,"F","Basic",2016,5
"zfprrfjm",40,"F","Basic",2016,5
"zdaoiaph",14,"M","Basic",2016,5
"xqtyxccj",31,"F","Basic",2016,5
"acwrvsze",30,"M","Basic",2016,5
"zllqzzgj",27,"M","Basic",2016,5
"bfkiskou",28,"F","Basic",2016,5
"vuxxdjfz",23,"M","Basic",2016,5
"ltdkmfxr",31,"M","Basic",2016,5
"wlbhbppt",29,"M","Basic",2016,5
"yshdxyyf",21,"M","Basic",2016,5
"pkiwmcfo",33,"M","Basic",2016,5
"jeahumvr",38,"M","Premium",2016,5
"czklhwqr",33,"M","Basic",2016,5
"wdqmiivl",10,NA,"Basic",2016,5
"udkksxjz",16,"M","Premium",2016,5
"pxxtjbag",31,"M","Basic",2016,5
"jobbgkyu",24,"M","Basic",2016,5
"frlvesps",15,NA,"Premium",2016,5
"aqyinogq",29,"M","Basic",2016,5
"qrhtsbej",18,"M","Basic",2016,5
"dkejmudq",25,"M","Premium",2016,5
"ghwxxgrt",25,"F","Basic",2016,5
"mnwzahkt",34,"F","Basic",2016,5
"yiptnmeo",24,"M","Basic",2016,5
"ssvdkcbp",13,"F","Basic",2016,5
"yqaxzkho",36,"F","Basic",2016,5
"fdbvochl",22,"M","Basic",2016,5
"sfpzegqu",28,"F","Basic",2016,5
"ivqehzkk",12,"F","Basic",2016,5
"lqeolgou",40,"M",NA,2016,5
"mhgzaeuz",12,"M","Basic",2016,5
"nluikhxv",14,"M","Basic",2016,5
"fhqlxtzi",12,"F","Basic",2016,5
"mfjfjfpw",13,"M","Premium",2016,5
"mwimprgh",32,"F","Basic",2016,5
"bwirsssb",23,"F","Basic",2016,5
"xhgjladm",22,"M","Basic",2016,5
"rzvsyrhn",25,"M","Basic",2016,5
"szwijmki",30,"M","Basic",2016,5
"fyzozoep",24,"M","Basic",2016,5
"mwrrrvfh",15,"F","Basic",2016,5
"cprrvfnp",29,"M","Basic",2016,5
"pogzrrul",24,"F","Premium",2016,5
"xalnudht",17,"M","Basic",2016,5
"xqijlfbg",32,"F","Premium",2016,5
"vxifmrun",36,"M","Basic",2016,5
"sihadkgc",27,"F","Basic",2016,5
"nfeajsje",26,"M","Basic",2016,5
"vnnaesgs",31,"M","Basic",2016,5
"twhqjypz",23,"M","Basic",2016,5
"hskmehcx",26,"M","Premium",2016,5
"dhmhwauf",25,"M","Premium",2016,5
"gfwmvagn",30,"M","Basic",2016,5
"bfkijdvs",39,"M","Basic",2016,5
"uluiojqj",30,"M","Premium",2016,5
"qeekulph",11,"M","Basic",2016,5
"novygjvp",17,"M","Basic",2016,5
"wsmshpna",16,"M","Premium",2016,5
"sogrwgyq",37,"F","Basic",2016,5
"pnqbsqml",16,"M","Basic",2016,5
"dnymxfuf",29,"M","Basic",2016,5
"wsuybxsw",22,"M","Basic",2016,5
"lueieklg",27,"M","Basic",2016,5
"vduwfiyb",21,"M","Basic",2016,5
"kpyymuqr",30,"M","Basic",2016,5
"uobvggzh",31,"M","Basic",2016,5
"ybxtkbyh",22,"M","Basic",2016,5
"ssntenkq",25,"M","Basic",2016,5
"shbcuoqh",26,"M","Basic",2016,5
"glotrbzi",21,"M","Premium",2016,5
"qsidggsy",26,"M","Premium",2016,5
"fslnyipu",38,"M","Basic",2016,5
"dphptide",16,"M","Basic",2016,5
"laoumsul",22,"M","Basic",2016,5
"ccxnupjt",31,"F","Basic",2016,5
"bpxxigqy",24,"M","Premium",2016,5
"tanipujt",22,"M","Basic",2016,5
"iooliszi",22,"M","Basic",2016,5
"rrixqmao",32,"M","Basic",2016,5
"zioieuiz",24,"M","Basic",2016,5
"odbqpgvp",37,"M","Basic",2016,5
"bayryfbw",22,"F","Basic",2016,5
"xgqcysos",10,"F","Basic",2016,5
"slnragvs",40,"M","Basic",2016,5
"jodchuwf",34,"M","Basic",2016,5
"mkmgxndl",13,"M","Basic",2016,5
"mhsmfvnw",20,"M","Basic",2016,5
"eubmkowr",26,"F","Premium",2016,5
"fvvcczug",13,"M","Basic",2016,5
"udnmgmmu",20,"M","Basic",2016,5
"noviiuvt",31,"M","Basic",2016,5
"fgarbjmt",12,"M","Basic",2016,5
"ilibhqbn",32,"M","Premium",2016,5
"dpsnuiol",18,"M","Basic",2016,5
"hchivssz",35,"F","Basic",2016,5
"xovchnre",22,"M","Basic",2016,5
"jrrfrbnl",18,"M","Premium",2016,5
"fetoeqbr",19,"M","Premium",2016,5
"yldcmfqj",37,"M","Basic",2016,5
"wljxnita",35,"M","Basic",2016,5
"xnwsjuba",26,"M","Basic",2016,5
"pvillfdz",39,"M","Basic",2016,5
"muwqcvpj",17,"M","Premium",2016,5
"fiohjrzi",26,"M","Premium",2016,5
"mxeammqa",24,"M","Basic",2016,5
"pqdjtedx",16,"M","Premium",2016,5
"kozlxmbu",40,"F","Basic",2016,5
"rsfdremp",26,"M","Premium",2016,5
"bryizvud",20,"F","Basic",2016,5
"dkidxwyd",40,"M","Basic",2016,5
"nyychkrd",10,"F","Premium",2016,5
"ysjdeqqa",34,"F","Basic",2016,5
"pchyamza",11,"M","Basic",2016,5
"mkkvcjvn",17,"M","Basic",2016,5
"azxteylh",21,"M","Basic",2016,5
"ipjhtiyn",37,"M","Basic",2016,5
"byttjxip",19,"M","Basic",2016,5
"cbudqqgi",21,"M","Basic",2016,5
"vpnuzvbn",27,"M","Basic",2016,5
"jyusykim",35,"F","Premium",2016,5
"xfxppwms",29,"M","Premium",2016,5
"xxoczace",13,"M","Premium",2016,5
"pnhpxoqj",20,"M","Premium",2016,5
"timzrqmo",19,"M","Basic",2016,5
"mevtiskg",40,"F","Premium",2016,5
"smpwtrrs",18,"F","Premium",2016,5
"ebubqdtm",24,"M","Basic",2016,5
"ohmdecur",14,"M","Basic",2016,5
"rlwfspqt",20,"M","Basic",2016,5
"wjluwldj",29,"F","Premium",2016,5
"czzvlntw",15,"M","Premium",2016,5
"ggokdmlk",26,"M","Basic",2016,5
"kznclfbr",40,"M","Premium",2016,5
"bweievam",20,"M","Basic",2016,5
"ciefnoat",18,"F","Basic",2016,5
"qopdueqj",15,"M","Basic",2016,5
"rfymtolb",20,"F","Basic",2016,5
"xqmczivn",38,"M","Premium",2016,5
"prexesqm",24,"M","Basic",2016,5
"vsvnsrja",25,"F","Basic",2016,5
"ogeipprg",28,"F","Basic",2016,5
"tnlzpmux",24,"M","Basic",2016,5
"ozhfvxjo",15,"M","Basic",2016,5
"wtfpwfqy",28,"M","Basic",2016,5
"xfwfrujm",25,"M","Basic",2016,5
"vddwqwkb",16,"F","Basic",2016,5
"qjjqlxfq",10,"F","Basic",2016,5
"qwtzrxui",17,"M","Premium",2016,5
"vbqhyltc",12,"M","Basic",2016,5
"hjhayldp",35,"M","Basic",2016,5
"vqzsphyg",25,"M","Basic",2016,5
"hetgcuxf",29,"M","Basic",2016,5
"wvfpdbkj",13,"M","Basic",2016,5
"quuorkqn",10,"F","Basic",2016,5
"bumvancn",33,"F","Basic",2016,5
"bvdwsoxj",33,"F","Basic",2016,5
"umrxbtbr",28,"F","Premium",2016,5
"lfjmkuaz",19,"M","Basic",2016,5
"dmizkuen",35,"M","Basic",2016,5
"muivwpbu",33,"M","Basic",2016,5
"mgtpmcfx",12,"M","Basic",2016,5
"kpywlgsy",33,"F","Premium",2016,5
"sgvisjwh",11,"M","Basic",2016,5
"nizjzpom",24,"M","Basic",2016,5
"zmpvqhdx",10,"F","Basic",2016,5
"sgtcogxp",13,"F","Premium",2016,5
"jgkzngld",37,"M","Premium",2016,5
"ifviistc",38,"M","Basic",2016,5
"ultwxcma",26,"M","Premium",2016,5
"akjywvzg",18,"F","Basic",2016,5
"qjlfmudu",22,"F","Premium",2016,5
"etepxdyq",29,"F","Basic",2016,5
"rzjnjscp",19,"M","Basic",2016,5
"aeuuymri",17,"M","Premium",2016,5
"yphnozuq",14,"M","Basic",2016,5
"fvrkuefe",37,"M","Premium",2016,5
"rouyjgtm",19,"F","Premium",2016,5
"fwhosbrf",26,"M","Basic",2016,5
"nkqbhmza",14,"M","Basic",2016,5
"jzaychbt",20,"M","Premium",2016,5
"dpdvmnwn",36,"M","Premium",2016,5
"jpgtxygc",19,"M","Premium",2016,5
"zmmrhqek",29,"F","Basic",2016,5
"xolqwgci",28,"M",NA,2016,5
"bdkfenzo",27,"M","Basic",2016,5
"blcrtobh",18,"M","Basic",2016,5
"ijlkoufi",14,"F","Basic",2016,5
"wuyqjcqv",10,"M","Premium",2016,5
"avxmvcae",16,"F","Basic",2016,5
"zznusxvn",17,"M","Basic",2016,5
"qelmngnr",19,"M","Basic",2016,5
"osvqrcdx",29,"M","Premium",2016,5
"sgzffeug",32,"M","Premium",2016,5
"fyqhlusw",33,"M","Basic",2016,5
"vpamfato",26,"F","Basic",2016,5
"ynlgtlqh",39,"F","Basic",2016,5
"gckaifxp",12,"F","Basic",2016,5
"nnlxpcbn",23,"F","Basic",2016,5
"pxqruzfa",32,"F","Basic",2016,5
"vitvkwrp",24,"M","Basic",2016,5
"lbuhwwoc",36,"M","Premium",2016,5
"kqqivgne",28,"M","Basic",2016,5
"vqaijazs",22,"F","Basic",2016,5
"xpcaexux",35,"F","Basic",2016,5
"qfflaozm",15,"M","Basic",2016,5
"iczjtbpn",23,"M","Basic",2016,5
"tuhsviqw",32,"M","Basic",2016,5
"examyndf",32,"M","Basic",2016,5
"ooiaxuuv",22,"F","Basic",2016,5
"luxdueam",14,"M","Basic",2016,5
"omevjsdp",14,"M","Premium",2016,5
"deswkdzm",39,"M","Premium",2016,5
"tbwzbcun",36,"M","Basic",2016,5
"cgrpnszw",20,"F","Basic",2016,5
"bfxeiyss",19,"M","Basic",2016,5
"tanjcroi",14,"M","Basic",2016,5
"olsvljif",33,"M","Basic",2016,5
"hjnyyjdw",10,"M","Basic",2016,5
"kmwsfftm",38,"M","Basic",2016,5
"yhiouacr",17,"M","Premium",2016,5
"oubbojmt",10,"M","Basic",2016,5
"omnrlmdb",16,"M","Basic",2016,5
"wkruazcn",15,"M","Basic",2016,5
"zkdrjbrb",33,"M","Premium",2016,5
"wrldtdcs",28,"M","Premium",2016,5
"unwahjax",26,"M","Basic",2016,5
"lljnhtpr",20,"M","Basic",2016,5
"xkjnsnmq",23,"F","Basic",2016,5
"zjtnrjvm",32,"M","Basic",2016,5
"bhfwrrng",19,"M",NA,2016,5
"wcwtkheu",17,"M","Premium",2016,5
"rwuzqbvb",13,"M","Basic",2016,5
"xvjdelnq",23,"M","Basic",2016,5
"uwbbdazp",31,"M","Basic",2016,5
"jfhaiwzg",30,"M","Basic",2016,5
"ngjwpoqy",35,"M","Basic",2016,5
"cmcuzaqv",18,"M","Basic",2016,5
"dfdzyqmn",28,"M","Premium",2016,5
"xfaarhab",23,"M","Basic",2016,5
"sdbdmmtn",16,"M","Basic",2016,5
"jxqwrtfe",10,"F","Basic",2016,5
"iuqvzxuc",12,"M","Basic",2016,5
"qsslvdyc",27,"F","Basic",2016,5
"kspijqqf",14,"M","Premium",2016,5
"aejudhli",26,"M","Basic",2016,5
"ychcxbpu",29,"M","Basic",2016,5
"tasynsdv",21,"M","Basic",2016,5
"hlsawqfr",25,"M","Basic",2016,5
"gxatvzfw",33,"M","Basic",2016,5
"qnzwadju",35,"M","Basic",2016,5
"qhtgwyza",37,"F","Premium",2016,5
"jrujpper",13,"M","Basic",2016,5
"gkuqfpty",30,"M","Basic",2016,5
"jmltylvo",21,"M","Basic",2016,5
"vypumhlx",24,"M","Basic",2016,5
"cnadxqqb",16,"M","Basic",2016,5
"kxhlanan",36,"F",NA,2016,5
"xzxcvzus",23,"M","Basic",2016,5
"znlabyip",31,"F","Premium",2016,5
"gsmtxprp",16,NA,"Basic",2016,5
"kypebjlw",20,"M","Basic",2016,5
"myxkqqix",37,"M","Basic",2016,5
"yubuqtar",24,"F",NA,2016,5
"mdatippq",21,"F","Basic",2016,5
"mefcicnm",27,"M","Basic",2016,5
"rqxljxyo",19,"F","Basic",2016,5
"gttdiqao",13,"M","Basic",2016,5
"twbqttkp",15,"M","Basic",2016,5
"njkberzq",23,"M","Basic",2016,5
"nrkhnkne",16,"F","Basic",2016,5
"caaisrxj",12,"M","Basic",2016,5
"tyoutbon",12,"M","Basic",2016,5
"hxibrhoz",30,"F","Basic",2016,5
"vtblzxtz",32,"F","Basic",2016,5
"jtbijsnx",13,"F","Basic",2016,5
"slkgnido",12,"M","Basic",2016,5
"thvmsnfn",13,"F","Basic",2016,5
"wwaoxtkd",33,"M","Basic",2016,5
"ttadomwi",26,"M","Premium",2016,5
"lqyejvak",19,"M","Basic",2016,5
"dbecqrjc",11,"M","Basic",2016,5
"mudlipgb",27,"M","Basic",2016,5
"opxfjkjy",26,"M","Basic",2016,5
"tfmiypma",39,"M","Basic",2016,5
"nrfbepsi",39,"M","Basic",2016,5
"ycdeammk",10,"M","Basic",2016,5
"lpyjwwyc",27,"M","Basic",2016,5
"yiagptku",25,"M","Basic",2016,5
"vbpxfzhm",26,"F","Basic",2016,5
"pdzqiytv",38,"M","Basic",2016,5
"kjgrafdp",16,"F","Basic",2016,5
"povghtou",34,"F","Basic",2016,5
"logoqyma",40,"M","Basic",2016,5
"fuzwojat",16,"F","Basic",2016,5
"jaigajqu",11,"F","Basic",2016,5
"zbbxfcgl",40,"M","Basic",2016,5
"adinsvlp",38,"F","Basic",2016,5
"aczxqhqa",25,"F","Basic",2016,5
"yuwqvjdd",37,"M","Basic",2016,5
"ipaladmu",18,"M","Basic",2016,5
"tbdlmuzy",38,"F","Basic",2016,5
"rmpvwbic",35,"M","Basic",2016,5
"tblegtyl",13,"M","Premium",2016,5
"jvpnmzmq",27,"F","Basic",2016,5
"lprfoxnv",36,"M","Basic",2016,5
"jziidnil",20,"M","Basic",2016,5
"buknhleo",21,"M","Basic",2016,5
"ribeiqpu",20,"M","Basic",2016,5
"otoafntn",11,"M","Basic",2016,5
"axenkqzc",18,"M","Basic",2016,5
"xppwuuzx",40,"M","Basic",2016,5
"kesfrosa",11,"M","Basic",2016,5
"tphrtsjp",21,"M","Basic",2016,5
"evkluewh",30,"M","Basic",2016,5
"kaytmvyq",24,"M","Basic",2016,5
"mvqqcwav",37,"M","Premium",2016,5
"pbeekfpq",23,"M","Basic",2016,5
"dsarstqv",27,"M","Basic",2016,5
"wegmesjt",24,"M","Basic",2016,5
"jptckdyt",36,"F","Premium",2016,5
"egmncvla",16,"M","Premium",2016,5
"iumrqerl",38,"M","Basic",2016,5
"kisvmgga",22,"M","Basic",2016,5
"bhsqemum",16,"F","Basic",2016,5
"iyiifvdy",27,"M","Basic",2016,5
"ugtmjioo",18,"M","Basic",2016,5
"ahtaaayx",40,"M","Basic",2016,5
"rhaeoimb",38,"F","Basic",2016,5
"hfxxwjhx",11,"M","Basic",2016,5
"nykxjvhq",29,"M","Basic",2016,5
"xvuswuzm",19,"M","Basic",2016,5
"bxubfqth",31,"F","Basic",2016,5
"tewdypcr",15,"M","Basic",2016,5
"wibaxirm",26,"M","Basic",2016,5
"epqzqqdn",29,"M","Basic",2016,5
"xrflddbg",32,"F","Premium",2016,5
"nlqcsphv",20,"M","Basic",2016,5
"vqguxcsf",39,"M","Basic",2016,5
"ehzadaxa",14,"M","Basic",2016,5
"hybnuzxv",19,"M","Basic",2016,5
"kanzjnrs",20,"M","Premium",2016,5
"hyrzgpcc",18,"M","Basic",2016,5
"btyeygag",21,"M","Basic",2016,5
"yuatujdk",17,"M","Basic",2016,5
"tliprtax",34,"M","Basic",2016,5
"qouusgsf",24,"M","Basic",2016,5
"itdplrwd",40,"M","Premium",2016,5
"zutomtnf",24,"M","Basic",2016,5
"dkimelow",34,"M","Basic",2016,5
"tuvcormv",37,"M","Basic",2016,5
"knmioycr",25,"M","Basic",2016,5
"dwjnljqs",31,"M","Basic",2016,5
"bfyonflw",11,"F","Basic",2016,5
"gofggqmd",18,"M","Basic",2016,5
"viyfqcnb",14,"M","Basic",2016,5
"bczbjjqi",19,"M","Premium",2016,5
"swigwzzz",27,NA,"Basic",2016,5
"napocahy",22,"F","Premium",2016,5
"qlslbklb",12,"M","Basic",2016,5
"hcbzllur",21,"M","Premium",2016,5
"gplgypxm",11,"M","Basic",2016,5
"ewrceoyl",32,"F","Basic",2016,5
"dufitpen",14,"M","Basic",2016,5
"nycplqox",27,"M","Basic",2016,5
"ceciptlt",38,"M","Basic",2016,5
"ljfrdgmm",15,"M","Basic",2016,5
"shqmozir",16,"F","Basic",2016,5
"lpwzgwrp",30,"F","Basic",2016,5
"avougppx",31,"M","Basic",2016,5
"xpedltib",27,"M","Basic",2016,5
"axyjrkcu",31,"M","Basic",2016,5
"rggjvxkr",14,"M","Basic",2016,5
"qsmfvtzv",28,"M","Premium",2016,5
"tefvmwsa",25,"M","Basic",2016,5
"rltqejgn",32,"F","Basic",2016,5
"yfayahru",13,"M","Basic",2016,5
"fbdotgqz",22,"M","Basic",2016,5
"cefhcxjr",31,"M","Basic",2016,5
"gldewkti",38,"F","Basic",2016,5
"pkijzmjo",29,"F","Premium",2016,5
"ahrmwmht",17,"F","Basic",2016,5
"pycxzxfv",17,"F","Premium",2016,5
"erldjvih",31,"F","Basic",2016,5
"xfnznlyv",37,"F","Premium",2016,5
"sawelyms",25,"M","Basic",2016,5
"cleclavv",37,"M","Basic",2016,5
"qpzxhjcz",19,"M","Basic",2016,5
"ksgahkla",14,"F","Basic",2016,5
"avobdkiu",16,"M","Basic",2016,5
"fyuecbkv",16,"M","Basic",2016,5
"hpfsvniy",15,"M","Basic",2016,5
"xqpyzbhq",28,"M","Basic",2016,5
"ztkvzmxq",13,"F","Basic",2016,5
"ocsawpjv",14,"M","Premium",2016,5
"visqkimk",36,"M","Basic",2016,5
"xlrmgppx",22,"F","Basic",2016,5
"kklhosht",22,"M","Basic",2016,5
"uocmkyll",20,"M","Basic",2016,5
"dkpsugos",24,"M","Basic",2016,5
"sgcvmsth",39,"M","Premium",2016,5
"cmxjxgvo",38,"F","Premium",2016,5
"dfcbcvxo",16,"M","Basic",2016,5
"qaezoopl",31,"M","Premium",2016,5
"jvoiojry",40,"M","Basic",2016,5
"nqmmvffr",39,"M","Basic",2016,5
"yfmwawvw",21,"F","Premium",2016,5
"ihzslsbs",19,"M","Basic",2016,5
"csvpiuvb",16,"F","Basic",2016,5
"aseaqhbe",31,"F","Premium",2016,5
"zddhaaon",34,"M","Basic",2016,5
"txyriqla",12,"M","Basic",2016,5
"euwyvefy",31,"M","Basic",2016,5
"gaazafwo",34,"M","Basic",2016,5
"nlobqupj",18,NA,"Premium",2016,5
"elpjvhfr",23,"M","Basic",2016,5
"bvjcphbz",31,"M","Basic",2016,5
"uwimicfs",24,"M","Premium",2016,5
"gdggzmtp",13,"M","Premium",2016,5
"hppyutfg",13,"F","Basic",2016,5
"bctwoehe",35,"M","Basic",2016,5
"vmqknpvv",31,"M","Basic",2016,5
"wxitsadd",13,"M","Basic",2016,5
"gehntskr",27,"M","Basic",2016,5
"wlctefcm",30,"F","Basic",2016,5
"ohkwefna",15,"F","Basic",2016,5
"yumpxlva",38,"M","Basic",2016,5
"sylqqzlx",25,"M","Premium",2016,5
"ejffrwfx",24,"F","Basic",2016,5
"ourmbgqa",19,"M","Basic",2016,5
"vantfpzn",31,"M","Basic",2016,5
"jvxbicko",37,"M","Basic",2016,5
"cindxvqr",25,"M","Basic",2016,5
"xjetmpdj",30,"M","Basic",2016,5
"pvrhrqqb",31,"M","Basic",2016,5
"thcpkkgc",24,"M","Premium",2016,5
"gvagqwwh",14,"M","Basic",2016,5
"bepnegbx",39,"M","Basic",2016,5
"efkszkty",29,"M","Basic",2016,5
"sjhhoadd",36,"M","Basic",2016,5
"tkkxivbd",17,"M","Basic",2016,5
"efppxxjp",32,"F","Basic",2016,5
"yrtcvwdb",14,"M","Basic",2016,5
"mbphpwbt",32,"M","Basic",2016,5
"lkaxqsnm",37,"F","Basic",2016,5
"dbgcynko",28,"M","Basic",2016,5
"wylbgbeu",16,"F","Basic",2016,5
"gozbuhdh",18,"M","Basic",2016,5
"htehrwvm",15,"M","Basic",2016,5
"lgmmovhf",31,"M","Basic",2016,5
"rhrzwqaz",29,"F","Basic",2016,5
"ujdqfsha",20,"M","Basic",2016,5
"bedkhhpq",10,"F","Basic",2016,5
"asjbtygz",25,"M","Basic",2016,5
"tncialvu",28,NA,"Basic",2016,5
"jxsslmab",18,"F","Basic",2016,5
"lehpfvnr",37,"F","Premium",2016,5
"vghnbndn",13,"F","Premium",2016,5
"pwfwtufv",37,"M","Basic",2016,5
"cmnsvwjc",15,"M","Premium",2016,5
"pahdomgu",36,"M","Basic",2016,5
"xithbcxb",27,"M","Basic",2016,5
"uttcftqn",10,"F","Basic",2016,5
"ovptihtk",34,"F","Basic",2016,5
"lhtsmojt",20,"M","Basic",2016,5
"nvgxswwh",13,"F","Basic",2016,5
"cjtdbnno",18,"M","Premium",2016,5
"xrpopfyv",39,"F",NA,2016,5
"gihgpvmm",38,"F","Basic",2016,5
"ujmcbrnr",37,"F","Basic",2016,5
"qyfuqhto",29,"F","Basic",2016,5
"yxoihzua",35,"M","Basic",2016,5
"cqjqmesy",11,"M","Basic",2016,5
"edmckpor",14,"F","Basic",2016,5
"tlgrkdfx",28,"F","Premium",2016,5
"jqavpoqh",19,"M","Basic",2016,5
"yzuaxorx",13,"M","Basic",2016,5
"ccetwhev",37,"F","Basic",2016,5
"gualmpoh",21,"M","Basic",2016,5
"mygumnxo",23,"F","Basic",2016,5
"mmrchnnz",14,"M","Basic",2016,5
"wemdswqs",32,"F","Basic",2016,5
"rgypkgmm",34,"F","Basic",2016,5
"poywfyoq",40,"M","Premium",2016,5
"rpxcjvrk",30,"M","Basic",2016,5
"tpuvejxk",19,"F","Premium",2016,5
"sialtkmw",15,"M","Premium",2016,5
"rteubeqz",39,"M","Basic",2016,5
"ajvmkzyj",19,"M","Basic",2016,5
"mirqjtsp",12,"F","Basic",2016,5
"amkwnrwd",14,"F","Basic",2016,5
"mckeborv",19,"M","Basic",2016,5
"drpsmvle",22,"M","Basic",2016,5
"mqicetfd",12,"M","Basic",2016,5
"xuldrjhz",16,"M","Basic",2016,5
"vwalmpbf",26,"F","Basic",2016,5
"mdngqhcc",26,"F","Basic",2016,5
"skbtlduj",14,"M","Basic",2016,5
"weqodcdj",20,"F","Premium",2016,5
"gqetcicc",17,"M","Basic",2016,5
"debkaijl",14,"F","Basic",2016,5
"avmisruo",21,"F","Basic",2016,5
"kjaijxck",34,"M","Basic",2016,5
"pnwirhqi",31,"M","Basic",2016,5
"gmxltbrk",12,"M","Basic",2016,5
"pzwvtxor",12,"F","Basic",2016,5
"rvkzbhca",15,"F","Basic",2016,5
"iufwmoxd",29,"M","Basic",2016,5
"dbqugcww",13,"M","Basic",2016,5
"fyeqddtm",27,"F","Basic",2016,5
"qpuepnju",15,"M","Basic",2016,5
"qbvpultx",31,"M","Basic",2016,5
"yecoynlx",25,"M","Basic",2016,5
"vldubsdb",23,"M","Basic",2016,5
"czggzoih",18,"M","Basic",2016,5
"dapehtid",35,"M","Basic",2016,5
"hvcuthsi",31,"M","Basic",2016,5
"xuwdfogw",28,"F","Premium",2016,5
"zonikgpn",11,"M","Basic",2016,5
"feganazp",32,"F","Basic",2016,5
"qasneaeq",35,"F","Premium",2016,5
"mfvudbcw",28,"M","Basic",2016,5
"coqzclsk",30,"M",NA,2016,5
"szvoyuki",30,"F","Basic",2016,5
"wsyonnyg",25,"M","Premium",2016,5
"ibxgjzan",30,"M","Basic",2016,5
"mjojskxv",10,"F","Premium",2016,5
"iwsqwgro",22,"M","Basic",2016,5
"oqbuqmna",19,"F","Basic",2016,5
"amevnvkp",24,"M","Basic",2016,5
"gqzbxrhj",13,"M","Basic",2016,5
"dnofjupa",15,"F","Basic",2016,5
"lilbvelq",29,"M","Basic",2016,5
"kbpctsga",36,"F","Premium",2016,5
"kdjyaayw",18,"F","Basic",2016,5
"swwelyjq",31,"F","Basic",2016,5
"unwoqsoz",10,"M","Basic",2016,5
"fssydtoc",17,"M","Basic",2016,5
"wwreqkcw",24,"F","Basic",2016,5
"bahmovou",19,"M","Basic",2016,5
"biojgbra",30,"F","Premium",2016,5
"gczhmjmf",12,"M","Basic",2016,5
"qavuqmet",18,"F","Basic",2016,5
"uneaffni",22,"F","Basic",2016,5
"fcvsbbzu",15,"M","Basic",2016,5
"ftdpxkje",13,"M","Basic",2016,5
"ofdrybui",14,"M","Basic",2016,5
"fcyralwq",16,"M","Basic",2016,5
"iivwwocf",15,"M","Basic",2016,5
"isjyloxd",32,"M","Basic",2016,5
"affmpxok",24,"M","Basic",2016,5
"mfmwrsxr",37,"M","Basic",2016,5
"xucjruam",21,"F","Basic",2016,5
"xhomhrtu",31,"F","Basic",2016,5
"gameajvz",12,"M","Basic",2016,5
"hnewydvu",25,"M","Basic",2016,5
"gehfsmuo",15,"M","Basic",2016,5
"rvomtupd",26,"M","Basic",2016,5
"qyuvfkpi",16,"M","Basic",2016,5
"bkldagul",26,"M","Basic",2016,5
"xhqfogrr",17,"M","Premium",2016,5
"zwbuidds",21,"M","Basic",2016,5
"copibkzs",22,"M","Basic",2016,5
"cngzfhoa",13,"M","Basic",2016,5
"bsurmdwx",14,"M","Basic",2016,5
"caoibwhf",29,"M","Basic",2016,5
"lqmbzhrj",34,"F","Premium",2016,5
"ofxfcbcp",30,"F","Basic",2016,5
"ddryashs",39,"M","Premium",2016,5
"bbqqaarg",24,"M","Basic",2016,5
"cccggnkj",26,"M","Basic",2016,5
"guzzryzl",17,"M","Basic",2016,5
"lsjoevhl",18,"M","Premium",2016,5
"cuvcszuk",30,"F","Basic",2016,5
"tphatazd",37,"M","Basic",2016,5
"niexmwij",23,"M","Basic",2016,5
"doclrjgx",16,"M","Basic",2016,5
"ewblxkks",24,"M","Premium",2016,5
"vjbrkrpm",28,"F","Basic",2016,5
"etkvkhge",23,"M","Basic",2016,5
"nyzdbkpe",13,"F","Basic",2016,5
"ymqcxyrx",22,"M","Basic",2016,5
"frhflupa",17,"F","Premium",2016,5
"vrahpufo",13,"M","Basic",2016,5
"cwaosgmc",23,"F","Basic",2016,5
"wfxkfvmt",10,"M","Premium",2016,5
"bzmyzqsn",16,"M","Basic",2016,5
"aqbhukzh",22,"M","Premium",2016,5
"srzmtmne",35,"M","Basic",2016,5
"dkgyulbp",27,"M","Basic",2016,5
"sgapfiqc",35,"M","Basic",2016,5
"lfcwfnnr",33,"M","Basic",2016,5
"woqdkktu",18,"M","Basic",2016,5
"kgtqqsdh",32,"M","Premium",2016,5
"pbuudovg",23,"M","Basic",2016,5
"kzqboaoi",30,"F","Basic",2016,5
"qsshnrjk",16,"M","Basic",2016,5
"wrwqvlea",19,"F","Basic",2016,5
"oogfjcem",22,"M","Basic",2016,5
"nqodnziw",24,"F","Basic",2016,5
"cnlbyfwj",20,"M","Basic",2016,5
"qwwqsrxd",21,"M","Basic",2016,5
"wgkovcin",12,"M","Basic",2016,5
"zampxmjv",29,"M","Basic",2016,5
"mblkxlhm",24,"M","Premium",2016,5
"uheklcmf",16,"M","Basic",2016,5
"svjfopqu",14,"M","Basic",2016,5
"pwamujzs",25,"M","Basic",2016,5
"kykfcshk",31,"M",NA,2016,5
"ayxkfpif",28,"M","Basic",2016,5
"tmgftegf",34,"M","Basic",2016,5
"vrehcfhc",17,"M","Basic",2016,5
"lmgkfnrr",29,"F","Basic",2016,5
"gpuamwsu",38,"F","Premium",2016,5
"bypkuyyd",28,"F","Premium",2016,5
"vabymtta",18,"M","Basic",2016,5
"imvtmute",27,"M","Basic",2016,5
"ulrnesfd",15,"M","Basic",2016,5
"bkrqnrwk",12,"M","Basic",2016,5
"oxywxmii",14,"M","Basic",2016,5
"higwxlzw",31,"F","Basic",2016,5
"vxvzgoyb",26,"M","Premium",2016,5
"zzdkiqpx",39,"M","Basic",2016,5
"fezrwiaz",23,"M","Basic",2016,5
"ijmtzuqj",38,"F","Basic",2016,5
"vpusdusn",20,"M","Basic",2016,5
"usbxafqn",19,"M","Basic",2016,5
"pdrtpshc",16,"M","Basic",2016,5
"xhyrfmcf",31,"F","Basic",2016,5
"uemckitz",33,"M","Basic",2016,5
"ukliqseg",36,"M","Basic",2016,5
"fbksvoys",12,"M","Basic",2016,5
"wswheekj",10,"M","Basic",2016,5
"paqsovik",30,"M","Basic",2016,5
"taeanxrh",23,"M","Basic",2016,5
"osadvnml",21,"M","Basic",2016,5
"ldldxdud",21,"M","Basic",2016,5
"ijdymrro",24,"F","Basic",2016,5
"qhqalvsx",27,"F","Basic",2016,5
"uazcusit",40,"M","Basic",2016,5
"kqqxwara",13,"M","Basic",2016,5
"cdoczdjq",32,"M","Premium",2016,5
"hkimjrzy",35,"F","Basic",2016,5
"unlzrghv",19,"M",NA,2016,5
"aisykiff",32,"M","Premium",2016,5
"hxocrxkb",21,"F","Basic",2016,5
"czwkjtot",32,"M","Basic",2016,5
"vqxcfxkw",26,"M","Basic",2016,5
"xorrmese",39,"F","Basic",2016,5
"kedekwmh",29,"M","Basic",2016,5
"smruhlad",38,"M","Premium",2016,5
"vngjlmwk",26,"M","Basic",2016,5
"qqshwmqt",10,"M","Basic",2016,5
"kvwhnppv",13,"M","Basic",2016,5
"waoanftg",35,"M","Premium",2016,5
"yyrcpwjk",18,"M","Basic",2016,5
"nmeadjfn",10,"M","Basic",2016,5
"bbcpbrdr",33,"M","Premium",2016,5
"ecpfvtin",11,"M","Premium",2016,5
"umywyclj",16,"M","Premium",2016,5
"ofcoehve",37,"M","Basic",2016,5
"nogzuwdx",39,"F","Basic",2016,5
"tqbmgplt",19,"F","Basic",2016,5
"knhxqqua",33,"M","Basic",2016,5
"jiyrwjcp",19,"F","Basic",2016,5
"nqaggvph",26,"M","Basic",2016,5
"hvdxyddc",20,"F","Basic",2016,5
"qtqbulyh",36,"M","Basic",2016,5
"xtdvozop",25,"M","Basic",2016,5
"xdspknnh",39,"M","Basic",2016,5
"rumktgtq",31,"M","Basic",2016,5
"kfqplewp",35,"F","Premium",2016,5
"rlgashwp",18,"M","Basic",2016,5
"iuopdela",39,"M","Basic",2016,5
"iyyswntc",25,"M","Basic",2016,5
"vpimgteb",13,"M","Basic",2016,5
"ritmtktm",38,"M","Basic",2016,5
"efnltwca",16,"F","Basic",2016,5
"vviwxlvi",21,"F","Basic",2016,5
"qaoriyft",39,"M","Basic",2016,5
"lotdifqs",25,"F","Basic",2016,5
"ywhysrgw",29,"M","Basic",2016,5
"pnhlzjzb",19,"M","Basic",2016,5
"snktsyis",21,"M","Basic",2016,5
"mcdapgwt",36,"F","Basic",2016,5
"xwrivluc",19,"F","Basic",2016,5
"wrgmfxxp",25,"M","Premium",2016,5
"gltxefre",28,"M","Basic",2016,5
"nlbabprd",16,"F","Basic",2016,5
"zruvjroe",17,"M","Basic",2016,5
"ytnjfzwm",10,"M","Basic",2016,5
"mwcoempi",38,"M","Basic",2016,5
"gdpfaivc",21,"F","Basic",2016,5
"jwhersea",10,"M","Basic",2016,5
"shoxsqbw",21,"M","Basic",2016,5
"eeixkgnz",22,"M","Basic",2016,5
"ljewdtui",31,"M","Basic",2016,5
"omwibedp",10,"F","Basic",2016,5
"hfyzjcsn",17,"M","Basic",2016,5
"rltpzedn",25,"M","Basic",2016,5
"ytqwwdoj",32,"M","Premium",2016,5
"vcdbwcfw",30,"M","Basic",2016,5
"muyvcbbb",34,"F","Basic",2016,5
"jqenwqnd",17,"F","Basic",2016,5
"anjvicki",26,"F","Basic",2016,5
"kmjkquec",22,"M","Basic",2016,5
"ycypscmw",23,"M","Premium",2016,5
"qzoiwled",12,"M","Basic",2016,5
"sxwwyewn",32,"M","Basic",2016,5
"yxllqfmu",23,"M","Basic",2016,5
"yblxdatj",19,"M","Premium",2016,5
"dtbbtrcq",13,"M","Basic",2016,5
"xzskjtxp",17,"M","Basic",2016,5
"hdsxrzii",16,"F","Basic",2016,5
"grpvcjma",15,"M","Basic",2016,5
"qbtsjqto",36,"M","Basic",2016,5
"kxaqwpvj",26,"M","Premium",2016,5
"zzpugjpy",31,"M","Basic",2016,5
"mwaswtzj",13,"M","Basic",2016,5
"wezsptly",18,"M","Basic",2016,5
"vfplmacp",11,"M","Premium",2016,5
"dtkbfhyj",31,"F","Basic",2016,5
"tbeazkpw",13,"F","Basic",2016,5
"gbglunaw",18,"M","Basic",2016,5
"tfyembpe",23,"M","Basic",2016,5
"mllworqg",25,"F","Basic",2016,5
"yfhzheby",31,"F","Basic",2016,5
"znnludzn",16,"M","Premium",2016,5
"czdahjfi",24,"F","Basic",2016,5
"jzbklckf",38,"M","Basic",2016,5
"sidchaxf",31,"M","Premium",2016,5
"ortgylhi",11,"M","Basic",2016,5
"urvuiwkt",39,"M","Basic",2016,5
"cfnazwpw",27,"M","Basic",2016,5
"efbxzeym",30,"F","Basic",2016,5
"nkoawoiq",20,"F","Basic",2016,5
"lyrvwyek",40,"F","Basic",2016,5
"vopdougv",24,"M","Basic",2016,5
"qkaiflgt",32,"M","Basic",2016,5
"xslgvpfd",20,"M","Basic",2016,5
"uhqcjoky",34,"M","Premium",2016,5
"eybrdciv",24,"M","Premium",2016,5
"tdzgjaqx",22,"M","Basic",2016,5
"amxsvfmm",37,"F","Basic",2016,5
"twaypeku",22,"M","Premium",2016,5
"nccxuorl",36,"M","Basic",2016,5
"djacblwd",34,"M","Basic",2016,5
"wcfubeey",39,"F","Basic",2016,5
"swedjrpo",19,"F","Premium",2016,5
"fhvsexfc",19,"M","Basic",2016,5
"wpcdjagq",27,"M","Basic",2016,5
"pnkfqzxo",32,"M","Basic",2016,5
"wzwmedan",24,"F","Basic",2016,5
"omqqhrqc",27,"M","Basic",2016,5
"zbefcwal",12,"M","Premium",2016,5
"jdfxhbtd",16,"M","Premium",2016,5
"xqdfrxpz",33,"F","Basic",2016,5
"yxwkitzw",31,"M","Basic",2016,5
"ehmqezoq",26,"M","Basic",2016,5
"lrrtuijw",15,"M","Basic",2016,5
"doopvykv",26,"M","Basic",2016,5
"gpgatrjx",15,"F","Premium",2016,5
"iwxkqehy",28,"M","Basic",2016,5
"uryjchrf",32,"F","Basic",2016,5
"ciowhgvd",19,"F","Basic",2016,5
"dygjkfft",37,"M","Basic",2016,5
"jkffljpu",18,"M","Basic",2016,5
"nrqxvhzp",39,"M","Basic",2016,5
"vtthkuyh",10,"M","Basic",2016,5
"mdbtqcws",37,"M","Premium",2016,5
"yszzrwoa",26,"M","Basic",2016,5
"tjztinng",26,"F","Basic",2016,5
"hvomrgsg",28,"M","Basic",2016,5
"hhjegjhl",30,"M","Basic",2016,5
"axmjnkcc",17,"F","Basic",2016,5
"zdirbydm",21,"M","Basic",2016,5
"ynnnmufz",30,"F","Premium",2016,5
"bwqqcsiq",32,"M","Basic",2016,5
"eddawuxf",23,"F","Basic",2016,5
"ecdakwhw",25,"M","Basic",2016,5
"rzaqbqoe",39,"F","Basic",2016,5
"dxhxomoj",33,"M","Premium",2016,5
"xkgddjut",32,"M","Basic",2016,5
"lgptxhwu",20,"M","Basic",2016,5
"bweeytzw",24,"F","Basic",2016,5
"pfteitgs",24,"F","Basic",2016,5
"grmtmhcs",29,"M","Basic",2016,5
"dblfcxsb",33,"M","Basic",2016,5
"qoxrplnw",35,"M","Basic",2016,5
"mdkdyhps",24,"M","Basic",2016,5
"vaquomiw",35,"M",NA,2016,5
"pdrhmljl",29,"F","Basic",2016,5
"yvdylnec",40,"M","Basic",2016,5
"cqhmptzc",36,"M","Premium",2016,5
"vsxqdrir",39,"M","Basic",2016,5
"vcbwphhx",36,"M","Basic",2016,5
"niuxjkit",15,"M","Premium",2016,5
"cqqfnzqv",23,"M","Basic",2016,5
"lkoitvvr",11,"M",NA,2016,5
"ldjuuycr",30,"M","Basic",2016,5
"loqfcahv",28,"M","Basic",2016,5
"rnttmaoh",19,"F","Basic",2016,5
"bpufjuem",26,"F","Basic",2016,5
"cgybyeqt",19,"F","Basic",2016,5
"lxlllltj",27,"F","Basic",2016,5
"nittyeyv",34,"M","Basic",2016,5
"ghpbdtcq",11,"F","Basic",2016,5
"tqeamagu",18,"M","Basic",2016,5
"zttsvxoz",23,"M","Basic",2016,5
"vvrfidqq",15,"M","Basic",2016,5
"ftmblhjx",17,"F","Basic",2016,5
"ieahaoez",33,"M","Basic",2016,5
"evornfzn",40,"M","Basic",2016,5
"qiwxypuk",36,"M","Premium",2016,5
"ifdabaji",39,NA,"Basic",2016,5
"yreiuodb",17,"M","Premium",2016,5
"hozsgohi",22,"M","Basic",2016,5
"djfrfpfx",28,"M","Premium",2016,5
"zcbxyvqg",21,"F","Basic",2016,5
"xgkypwpa",28,"F","Premium",2016,5
"ugsesvlk",16,"M","Premium",2016,5
"oqmgioor",34,"F","Basic",2016,5
"jufhgtvi",21,"M","Premium",2016,5
"abkzpiry",11,"F","Premium",2016,5
"mwimngyv",11,"M","Basic",2016,5
"qgohyiej",31,"F","Basic",2016,5
"anyzgori",29,"M","Basic",2016,5
"gihplwlb",29,"F","Basic",2016,5
"iblkyzei",39,"M",NA,2016,5
"fazpvrqq",13,"M","Basic",2016,5
"sogwdzuv",21,"F","Basic",2016,5
"pkplaojb",35,"M","Basic",2016,5
"mbazrxfi",32,"F","Basic",2016,5
"ndrhpcph",15,"M","Basic",2016,5
"nyhchaky",20,"M","Basic",2016,5
"qjnrakks",28,"M","Basic",2016,5
"lrrmkchl",18,"F","Basic",2016,5
"snqgsnem",12,"M","Premium",2016,5
"xkegvcon",35,"F","Basic",2016,5
"rpwrjypy",24,"M","Premium",2016,5
"txmtntmn",33,"F","Basic",2016,5
"xmfymqdi",24,"M","Basic",2016,5
"kozotymc",30,"M","Basic",2016,5
"ppebjhpf",38,"F","Basic",2016,5
"lzpzybnf",20,"M","Basic",2016,5
"lyqxfeky",25,"M","Basic",2016,5
"wfahkvqi",31,"M","Basic",2016,5
"bkgvveji",13,"M","Premium",2016,5
"zsuzltjb",11,"M","Basic",2016,5
"vzvjujbx",39,"F","Basic",2016,5
"sfxxfwvc",37,"F","Basic",2016,5
"mvmuhhkf",40,"F","Basic",2016,5
"vhnyjgcj",13,"F","Basic",2016,5
"sshuukjw",40,"F","Basic",2016,5
"tzlljvul",30,"F","Basic",2016,5
"uxydkuay",12,"F","Basic",2016,5
"tizfsgal",12,"F","Basic",2016,5
"jvbfqdni",19,"F","Premium",2016,5
"chpzdskb",13,"M","Basic",2016,5
"iqlptvwo",38,"M","Basic",2016,5
"xlpngowa",24,"F","Basic",2016,5
"rmhzytoa",39,"M","Basic",2016,5
"ysunrewz",22,"F","Basic",2016,5
"ttuqorza",26,"M","Basic",2016,5
"nxbgypph",19,"M","Basic",2016,5
"byhoszgt",13,"F","Basic",2016,5
"auvfyxow",40,"F","Basic",2016,5
"vcqaefqg",23,"F","Basic",2016,5
"ebskscxj",24,"M","Basic",2016,5
"fxgebjvj",34,"M","Basic",2016,5
"xduqejgj",15,"M","Basic",2016,5
"dmlxuefl",29,"F","Basic",2016,5
"ossplugo",12,"M","Premium",2016,5
"wuvtngvs",23,"M","Basic",2016,5
"tiibdqbb",30,"M","Premium",2016,5
"lztmfqds",39,"M","Premium",2016,5
"dbjfyucr",19,"M","Basic",2016,5
"yfuqreqr",10,"M","Basic",2016,5
"dxlxopqq",22,"M","Basic",2016,5
"tjnmwfuy",15,"F","Basic",2016,5
"brreoqgr",18,"M","Basic",2016,5
"zsnwzith",37,"M","Basic",2016,5
"cslftzgc",20,"M","Basic",2016,5
"usnxzyaz",23,"M","Basic",2016,5
"mmtajjzi",16,"M","Basic",2016,5
"sejmoqtx",38,"M","Basic",2016,5
"ygqmahvt",31,"F","Basic",2016,5
"ylhdjokt",33,"F","Basic",2016,5
"sknolsok",36,"M","Basic",2016,5
"vzhuoztz",28,"M","Premium",2016,5
"fjifyarw",20,"F","Basic",2016,5
"hrvadrgl",11,"F","Premium",2016,5
"eikjsakj",31,"F","Basic",2016,5
"zrottsxg",31,"M","Basic",2016,5
"ocafsogv",14,"M","Basic",2016,5
"quhfsbxq",23,"F","Premium",2016,5
"lperluav",37,"F","Basic",2016,5
"avpgpyvx",11,"M","Basic",2016,5
"ghwxlciv",33,"M","Basic",2016,5
"goftbqdd",19,"M","Basic",2016,5
"effabmip",32,"M","Premium",2016,5
"kjizwedk",10,"F","Basic",2016,5
"qgaqlrfd",34,"F","Basic",2016,5
"pscobpgl",29,"M","Premium",2016,5
"jfetwxhu",20,"M","Basic",2016,5
"iqiacebo",17,"F","Basic",2016,5
"gifmlgyq",18,"M","Basic",2016,5
"nmsgvrbp",24,"M","Basic",2016,5
"lwksrtah",38,"M","Basic",2016,5
"hxaubtib",33,"M","Basic",2016,5
"aaurmtqg",11,"M","Basic",2016,5
"wkvcrtco",12,"M","Premium",2016,5
"tnkeogif",38,"M","Basic",2016,5
"wklpkomh",39,"M","Basic",2016,5
"crpjomny",15,"M","Basic",2016,5
"kmrsvrtg",12,"M","Basic",2016,5
"cvihkejb",22,"M","Basic",2016,5
"dqruoxcz",11,"M","Basic",2016,5
"kvbnzfjb",33,"M","Basic",2016,5
"taezritc",39,"M","Basic",2016,5
"smxnlrww",39,"M","Basic",2016,5
"psabhqnn",15,"M","Premium",2016,5
"gtkkmtwj",35,"F","Basic",2016,5
"tmlwckst",25,"M","Basic",2016,5
"dlmjvfyx",19,"M","Basic",2016,5
"bpyyrkis",39,"F","Basic",2016,5
"imakspvq",37,"M","Basic",2016,5
"yaornhuw",24,"M","Basic",2016,5
"xbqwvijd",33,"M","Basic",2016,5
"egjyrkuf",20,"M","Basic",2016,5
"hkjquxup",11,"M","Basic",2016,5
"mryvadyf",39,"M","Basic",2016,5
"ehbjpntr",21,"M","Basic",2016,5
"htwfigaz",40,"M","Basic",2016,5
"usoxlbky",38,"F","Basic",2016,5
"rleqkkps",29,"F",NA,2016,5
"fmlltxzw",40,"F","Basic",2016,5
"uwouslcv",17,"M","Basic",2016,5
"nykfudzy",39,"F","Premium",2016,5
"chyifibd",10,"M","Basic",2016,5
"tmyywuyh",32,"F","Basic",2016,5
"jiwyljad",23,"M","Premium",2016,5
"ghwiftbm",39,"F","Basic",2016,5
"fnkydctp",21,"M","Basic",2016,5
"udzmglxl",26,"M","Premium",2016,5
"fsiflpdw",26,"M","Basic",2016,5
"lcbayjsq",24,"M","Basic",2016,5
"laoryiss",26,"M","Premium",2016,5
"jsrvmhgy",34,"M","Basic",2016,5
"esnauhdr",25,"M","Premium",2016,5
"yvkqbvxl",31,"F","Basic",2016,5
"uyyjdadq",27,"F","Premium",2016,5
"wmwdpcqd",13,"M","Basic",2016,5
"ytrcwtzq",29,"M","Basic",2016,5
"swxcutnv",29,"M","Basic",2016,5
"idfheddp",40,"F","Basic",2016,5
"rsfqnldl",39,"M","Basic",2016,5
"ejpjrqix",21,"M","Basic",2016,5
"bxyqejkx",35,"M","Basic",2016,5
"vcnbsjgo",14,"F","Premium",2016,5
"tnzwxpst",19,"M","Basic",2016,5
"qqhlawfu",12,"M","Premium",2016,5
"rnyyvirh",29,"M","Basic",2016,5
"qyjwrdju",12,"M","Basic",2016,5
"rjgmxvok",11,"F","Basic",2016,5
"ptvdldtx",11,"F","Basic",2016,5
"zoasscii",32,"M","Basic",2016,5
"fwedysjk",28,"M","Basic",2016,5
"nlgqdjst",29,"M","Basic",2016,5
"glewkymf",27,"M","Premium",2016,5
"bokhhled",35,"M","Basic",2016,5
"yszfbzak",40,"M","Basic",2016,5
"wdimuhbi",38,"F","Basic",2016,5
"ygnzaxrm",14,"F","Basic",2016,5
"vgbhxuer",33,"M","Basic",2016,5
"vrkrckhf",20,"M","Basic",2016,5
"csargsgy",21,"M","Basic",2016,5
"yuzajuyw",40,"M","Basic",2016,5
"oxfrdede",10,"M","Premium",2016,5
"dsdowhxr",17,"M","Basic",2016,5
"vsaucmon",15,"M","Basic",2016,5
"audmtqqc",23,"F","Basic",2016,5
"zpllmsgz",12,"M","Basic",2016,5
"gvjsvwhd",31,"M","Basic",2016,5
"egfrbruq",19,"M",NA,2016,5
"rnqsnvgi",34,"F","Premium",2016,5
"ngqqazld",30,"M","Premium",2016,5
"mepubtqp",19,"M","Premium",2016,5
"pwoojafb",31,"M","Basic",2016,5
"jlzpdfxo",32,"M","Basic",2016,5
"lrihddxc",31,"M","Premium",2016,5
"hqxtdmon",13,"F","Premium",2016,5
"zylwwtwb",13,"M","Basic",2016,5
"cknvbsof",32,"F","Premium",2016,5
"exxlttij",27,"F","Basic",2016,5
"qqhubzyz",36,"F","Basic",2016,5
"jbqqneib",25,"M","Basic",2016,5
"uhygjelf",40,"M","Basic",2016,5
"dkkusxoy",35,"F","Basic",2016,5
"nuzrhhte",29,"M","Basic",2016,5
"zkpknpqy",39,"F","Basic",2016,5
"cepcauiw",10,"M","Basic",2016,5
"rmculrvy",30,"M","Basic",2016,5
"vpjilngt",12,"M","Premium",2016,5
"aavjobed",28,"M","Premium",2016,5
"oghxabzx",12,"M","Basic",2016,5
"gtwzayzv",15,"M","Basic",2016,5
"siqpvbus",40,"M","Basic",2016,5
"akcbjnvs",12,"M","Basic",2016,5
"jpurdtwr",11,"M","Basic",2016,5
"uotmvzrh",25,"M","Basic",2016,5
"iqtigtpe",17,"M","Basic",2016,5
"dccamtos",20,"M","Premium",2016,5
"fqcslxav",11,"F","Basic",2016,5
"hutrbnlu",38,"M","Basic",2016,5
"sonjfjcw",24,"F","Basic",2016,5
"abbjddpj",21,"F","Premium",2016,5
"xjzagyke",33,"M","Basic",2016,5
"xuyvzsos",34,"M","Basic",2016,5
"itnnadmk",14,"M","Basic",2016,5
"vnavdbcz",26,"M","Basic",2016,5
"emfydwox",28,"M","Basic",2016,5
"frbiidjo",31,"F","Premium",2016,5
"xmezafsu",19,"F","Premium",2016,5
"algbhgqp",29,"F","Basic",2016,5
"rsltnrna",22,"F","Basic",2016,5
"hcvcrzps",36,"F","Basic",2016,5
"iyhrhata",14,"M","Basic",2016,5
"dfdmwcsp",13,"M","Basic",2016,5
"dyiruiek",36,"M","Basic",2016,5
"zgisbadl",22,"F","Premium",2016,5
"fctiyfix",18,"M","Basic",2016,5
"epqojjxc",25,"M","Premium",2016,5
"gykgalbl",38,"M","Basic",2016,5
"qjrwuxar",32,"M","Basic",2016,5
"ocurggpp",39,"M","Basic",2016,5
"oygaddjg",39,"M","Premium",2016,5
"xjbmrujg",20,"M","Basic",2016,5
"mhctgcbp",33,"M","Basic",2016,5
"xtyaoing",10,"M","Basic",2016,5
"boljbkxr",26,"M","Basic",2016,5
"ifjrpsfo",12,"M","Premium",2016,5
"fgbcsopw",35,"F","Basic",2016,5
"iezrutxb",28,"M","Basic",2016,5
"oydwdeqr",18,"M","Basic",2016,5
"noikarum",12,"M","Basic",2016,5
"xfcwlxmu",37,"M","Basic",2016,5
"lirfximn",33,"M","Basic",2016,5
"vthlkums",26,"M","Basic",2016,5
"nlvllury",25,"M","Basic",2016,5
"hdmjqiew",29,"M","Basic",2016,5
"tcjmtplf",23,"M","Basic",2016,5
"jdvnvmej",10,"M","Premium",2016,5
"egtiwzec",24,"F","Basic",2016,5
"gnuvucui",14,"M","Basic",2016,5
"sypmarmn",37,"M","Premium",2016,5
"ngrkcswz",21,"M","Premium",2016,5
"spbqrbeg",20,"M","Premium",2016,5
"pgsjpdnq",13,"M","Basic",2016,5
"svzdqhhq",20,"F","Premium",2016,5
"brcieate",15,"F","Premium",2016,5
"ulekhzkl",37,"M","Basic",2016,5
"amunznoh",23,"M","Basic",2016,5
"jexybbgj",15,"F","Basic",2016,5
"dplzjwxq",35,"F","Premium",2016,5
"rklroclt",34,"M","Basic",2016,5
"cdgeeemy",15,"M","Premium",2016,5
"nwgsazyt",37,"M","Basic",2016,5
"rbesmspm",32,"F","Basic",2016,5
"vhpttrqp",36,"M","Basic",2016,5
"xncmltur",39,"M","Basic",2016,5
"vcqusauu",17,"M","Basic",2016,5
"cmadajqu",32,"M","Basic",2016,5
"qhlqtuxn",39,"M","Basic",2016,5
"grfgjcbg",19,"F","Basic",2016,5
"kxnvorfw",13,"M","Basic",2016,5
"jisjqgkc",13,"M","Basic",2016,5
"sutxymwk",34,"M","Basic",2016,5
"jmtitdjx",13,"M","Basic",2016,5
"hlcbcpsc",32,"M","Basic",2016,5
"bbblvwcy",21,"M","Basic",2016,5
"jvbuofge",23,"M","Basic",2016,5
"lfkwrlun",24,"M","Premium",2016,5
"nbtmypbi",22,"F","Basic",2016,5
"ruhwexkw",32,"M","Basic",2016,5
"hzhvdhya",31,"M","Basic",2016,5
"bzxuduou",13,"M","Basic",2016,5
"dfbpvhrz",27,"M","Basic",2016,5
"kjhohjht",26,"M","Basic",2016,5
"pzfbgnuj",36,"M","Basic",2016,5
"cmbtxadk",24,"M","Basic",2016,5
"ljhxgubj",11,"M","Basic",2016,5
"xrnrrizm",15,"M","Basic",2016,5
"jxioazag",16,"M","Premium",2016,5
"btmnetvt",40,"F","Premium",2016,5
"ykyhbusc",25,"F","Basic",2016,5
"nfcdpwpb",40,"M","Premium",2016,5
"uolhvuye",30,"F","Basic",2016,5
"dgpbrvhn",23,"M","Premium",2016,5
"tnqvbokl",16,"F","Basic",2016,5
"xwbfhsua",14,"M","Premium",2016,5
"tcogegrc",15,"F","Basic",2016,5
"outysdna",25,"F","Basic",2016,5
"dqrfbvkv",26,"M","Basic",2016,5
"qlwnpicb",33,"M","Basic",2016,5
"qtvwbrhi",23,"M","Basic",2016,5
"ewcfauyw",29,"M","Basic",2016,5
"lmwktxqj",22,"M","Basic",2016,5
"ymtlfwue",30,"M","Basic",2016,5
"yevfbxmb",40,"M","Basic",2016,5
"hukpmtcf",34,"M","Premium",2016,5
"aoujvzvl",23,"F","Basic",2016,5
"oetgoarp",17,"M","Basic",2016,5
"vbzzyqbe",29,"M","Premium",2016,5
"jtypjucw",17,"F","Basic",2016,5
"vhmayosv",19,"F","Basic",2016,5
"ebreoxaw",13,"F","Basic",2016,5
"tilpjleb",15,"M","Premium",2016,5
"ophewjuk",36,"F","Basic",2016,5
"wncuedcd",27,"M","Basic",2016,5
"zvobemom",26,"F","Basic",2016,5
"mzfwfstr",31,"F","Premium",2016,5
"huxtcjxr",13,"M","Basic",2016,5
"chyadvpi",27,"M","Basic",2016,5
"iyrpxrcu",35,"M","Basic",2016,5
"tennkviz",32,"M","Basic",2016,5
"okxujbpg",27,"M","Basic",2016,5
"fxcnwcfh",16,"F","Premium",2016,5
"kjsjphbl",17,"M","Basic",2016,5
"huyxnvfd",15,"M","Basic",2016,5
"ziperhwt",18,"M","Premium",2016,5
"gbuhpqrf",11,"M","Basic",2016,5
"rehpadfp",11,"F","Basic",2016,5
"qhvkqpid",21,"F","Premium",2016,5
"lksozzvp",19,"M","Basic",2016,5
"gboyobyx",12,"F","Basic",2016,5
"rgjxxyij",16,"M","Basic",2016,5
"jfuxblyc",36,"F","Basic",2016,5
"ieiroeei",37,"M","Basic",2016,5
"vnljplne",30,"M","Basic",2016,5
"kgtqmwsm",10,"F","Premium",2016,5
"vmuwjerd",17,"M","Basic",2016,5
"rqxldfye",32,"F","Basic",2016,5
"nsfezdfq",19,"F","Basic",2016,5
"eumeulur",26,"F","Premium",2016,5
"hadzwwdy",15,"M","Basic",2016,5
"aombjehj",35,"M","Basic",2016,5
"orvaxlwp",40,"F","Basic",2016,5
"wjxjrozs",36,"M","Premium",2016,5
"axofhibi",13,"M","Basic",2016,5
"vgsdztwz",32,"M","Basic",2016,5
"nbhkcauk",18,"M","Basic",2016,5
"chjqofxs",16,"M","Basic",2016,5
"edcafeja",33,"F","Basic",2016,5
"blxwfmrd",23,"M","Premium",2016,5
"esbnkqod",13,"M","Basic",2016,5
"xosuzdys",39,"M","Basic",2016,5
"pkoprczg",14,"M","Basic",2016,5
"dbfxokuo",21,"F","Basic",2016,5
"ielscnwt",20,"M","Basic",2016,5
"vvwqnvap",11,"M","Premium",2016,5
"duxvdrrz",24,"M","Basic",2016,5
"guwecqsd",29,"M","Premium",2016,5
"wzupfimk",16,"F","Premium",2016,5
"qegzgdxl",39,"M","Premium",2016,5
"luxdwosw",20,"F","Basic",2016,5
"bieulfig",31,"M","Basic",2016,5
"mastzahy",24,"M","Premium",2016,5
"xwxttnmm",32,"M","Basic",2016,5
"egsptikw",29,"M","Basic",2016,5
"zqgvwclm",28,"F","Basic",2016,5
"xrquvrtr",15,"M","Premium",2016,5
"zpmuapcs",27,"F","Basic",2016,5
"ntqrnuhv",15,"M","Basic",2016,5
"ubefzllw",15,"M","Basic",2016,5
"cmkhajul",35,"M","Basic",2016,5
"elumbxfu",38,"M","Basic",2016,5
"evklcpqn",21,"F","Basic",2016,5
"ecalelqi",26,"M","Premium",2016,5
"xymyulgm",13,"F","Basic",2016,5
"hrtfpabd",28,"M","Basic",2016,5
"lbwxstyf",11,"M","Basic",2016,5
"cyqwopjp",19,"M","Basic",2016,5
"zessrnmp",28,"M","Premium",2016,5
"zhdbijqg",32,"F","Basic",2016,5
"nlevunqn",24,"F","Premium",2016,5
"ruatynls",19,"M","Basic",2016,5
"xjppwbtl",16,"M","Basic",2016,5
"txixpvne",20,"M","Premium",2016,5
"rivsbtss",17,"M","Basic",2016,5
"vkyqugxu",14,"M","Basic",2016,5
"rhvrybsu",28,"M","Basic",2016,5
"vvavould",35,"M","Basic",2016,5
"ouutkphn",33,"F","Basic",2016,5
"zltzefzu",25,"M","Basic",2016,5
"buoxfhbe",20,"F","Basic",2016,5
"rivjyitf",21,"M","Premium",2016,5
"yrgtsasj",19,"F","Basic",2016,5
"sblqtbgc",14,"M","Basic",2016,5
"wqehxdsb",37,"F","Basic",2016,5
"fxglaqkx",10,"M","Basic",2016,5
"szzyibur",34,"M","Basic",2016,5
"uonqndrm",31,"M","Basic",2016,5
"xsicgevp",35,"M","Premium",2016,5
"dvhpnbbr",20,"M","Premium",2016,5
"gocdwbpw",12,"M","Basic",2016,5
"pijwzibq",30,"F","Basic",2016,5
"nytflmko",16,"M","Premium",2016,5
"kswidzgb",23,"M","Basic",2016,5
"vsuxlayg",12,"F","Basic",2016,5
"mauxjqow",21,"M","Basic",2016,5
"mxvnybfn",10,"M","Premium",2016,5
"qvnlunzu",23,"M","Basic",2016,5
"kayksihg",24,"M","Basic",2016,5
"wtgecuwx",15,"M","Basic",2016,5
"dqdkrxsh",39,"M","Premium",2016,5
"bujhkpky",20,"M","Basic",2016,5
"voljukkb",29,"M","Basic",2016,5
"lqnvlyfl",13,"M","Basic",2016,5
"ozggriar",13,"M","Basic",2016,5
"jsnvokno",32,"M","Premium",2016,5
"ktrrkquv",38,"M","Basic",2016,5
"dfgfjrqk",12,"M","Basic",2016,5
"yfrxvrki",34,"M",NA,2016,5
"wrblwrwz",22,"M","Basic",2016,5
"lbwlxebq",22,"M","Premium",2016,5
"iquxcbvb",16,"F","Basic",2016,5
"lpzyayxu",22,"F","Basic",2016,5
"udqrkaly",33,"F","Basic",2016,5
"rwkrbbbp",16,"F","Basic",2016,5
"ozycqrcy",11,"M","Basic",2016,5
"jmxyujga",20,"M","Basic",2016,5
"jnvhqtol",32,"M","Basic",2016,5
"gegfinlu",16,"F","Basic",2016,5
"wxyupmxo",15,"M","Basic",2016,5
"crozdzeq",33,"M","Basic",2016,5
"pfxhhdvm",16,"F","Basic",2016,5
"mtjigkpa",26,"M","Basic",2016,5
"hqabkymn",15,"M","Basic",2016,5
"qtnuheuu",27,"M","Premium",2016,5
"hmjfjlpc",23,"M","Basic",2016,5
"kxolcdwm",18,"M","Basic",2016,5
"dqubmdaj",15,"M","Basic",2016,5
"bszzwcwf",12,"M","Basic",2016,5
"otvswlgc",14,"F","Basic",2016,5
"wwgdtlkq",25,"M","Basic",2016,5
"xfkaarcr",34,"M","Premium",2016,5
"bdadntrk",17,"M","Basic",2016,5
"ayxvxuud",13,"M","Premium",2016,5
"fvlerpjk",16,"M","Premium",2016,5
"qfkzbbfc",13,"M","Premium",2016,5
"ykqnwmll",23,"M","Basic",2016,5
"ocuvhswu",36,"M","Basic",2016,5
"phzhgbjj",40,"M","Basic",2016,5
"fqwpsdws",30,"M","Premium",2016,5
"ydqsfiao",11,"M","Basic",2016,5
"rohjctll",35,"F","Basic",2016,5
"dtkcpioh",39,"M","Premium",2016,5
"dmmsihef",18,"M","Basic",2016,5
"fqxccowy",32,"M","Basic",2016,5
"itpifbcl",31,"M","Basic",2016,5
"epqrnfbp",16,"M","Basic",2016,5
"gzjsjqcb",28,"F","Basic",2016,5
"efxxjpep",19,"M","Basic",2016,5
"psziqoym",20,"F","Basic",2016,5
"ehzacurr",38,"M","Basic",2016,5
"skdwuahk",13,"M","Basic",2016,5
"pawsnqll",22,"F","Premium",2016,5
"kzwwbojx",33,"F","Basic",2016,5
"wihzpevg",31,"F","Basic",2016,5
"rnzwulkt",17,"M","Basic",2016,5
"hlfqxmqk",23,"F","Premium",2016,5
"welswnex",34,"M","Basic",2016,5
"hyawmitw",14,"M","Basic",2016,5
"qjgjawji",22,"M","Premium",2016,5
"tkmayupt",14,"M","Basic",2016,5
"etwgqzyt",39,"M","Basic",2016,5
"cohclfmt",14,"M","Basic",2016,5
"ilrrotfz",17,"F","Basic",2016,5
"zswoukqc",39,"M","Basic",2016,5
"mqwhevfy",12,"M","Basic",2016,5
"piqtjpiw",34,"M","Premium",2016,5
"nourzvvs",35,"M","Basic",2016,5
"eqvrugkj",40,"M","Basic",2016,5
"csmdmnfq",22,"M","Basic",2016,5
"hhmclhuz",28,"F","Basic",2016,5
"ipnpifps",40,"M","Basic",2016,5
"efjuzlra",40,"M","Basic",2016,5
"dxdglsht",40,"M","Premium",2016,5
"wdjcdubz",20,"M","Basic",2016,5
"nrqwkxsv",14,"M","Basic",2016,5
"bccikinl",28,"F","Basic",2016,5
"tmiedbhg",17,"F","Basic",2016,5
"ubdvarrg",40,"M","Basic",2016,5
"plojhhun",12,"M","Basic",2016,5
"srsunzil",35,"F","Basic",2016,5
"efacfbff",21,"M","Basic",2016,5
"didotsyl",21,NA,"Premium",2016,5
"nwinrahi",32,"M","Basic",2016,5
"lqzzvujd",35,"M","Basic",2016,5
"wfafazjw",22,"M","Basic",2016,5
"akotzdoi",31,"M","Basic",2016,5
"glhbtnnx",15,"F","Premium",2016,5
"xnbxgpbc",19,"F","Premium",2016,5
"ygqtunij",33,"M","Basic",2016,5
"xqlvgnbx",25,"M","Basic",2016,5
"xcmwbqap",27,"M","Basic",2016,5
"aasiueyx",16,"M","Basic",2016,5
"mhatniza",29,"F","Basic",2016,5
"lpgmfdaq",13,"M","Basic",2016,5
"vrkuqbkz",17,"M","Premium",2016,5
"svzywvkg",31,"M","Basic",2016,5
"xrfghdwk",37,"F","Basic",2016,5
"ebfnwiqv",14,"F","Premium",2016,5
"zwfqqwut",17,"M","Basic",2016,5
"jivsrdus",23,"M","Basic",2016,5
"hhlmmfug",20,"M","Basic",2016,5
"ybcchpyp",24,NA,"Basic",2016,5
"jlxbqdux",36,"M","Basic",2016,5
"tzjuwjhh",14,"M","Premium",2016,5
"ccvzbgnh",32,"M","Premium",2016,5
"zeuqlgzu",31,"M","Basic",2016,5
"angqudod",14,"F","Basic",2016,5
"owzhmgwi",31,"M","Basic",2016,5
"hotzzgre",20,"M","Premium",2016,5
"igpeuclg",32,"M","Basic",2016,5
"wsmbpzon",34,"M","Basic",2016,5
"gixholxw",24,"M","Basic",2016,5
"vbchkcqs",20,"M","Basic",2016,5
"tiebznxm",16,"F","Basic",2016,5
"iptymdah",30,"M","Basic",2016,5
"bvioneku",11,"M","Basic",2016,5
"kzatzugu",22,"F","Basic",2016,5
"wmcqgfye",30,"M","Basic",2016,5
"qqtiumzk",31,"M","Basic",2016,5
"wpwakcle",25,"M","Basic",2016,5
"ugbfgdgr",24,"F","Basic",2016,5
"jddwbwuk",30,"M","Basic",2016,5
"ebaovcke",36,"M","Basic",2016,5
"kzfrchtz",18,"M","Basic",2016,5
"hmyeplgw",40,"M","Premium",2016,5
"ezukjsbb",22,"M","Basic",2016,5
"fqfgtqec",11,"M","Premium",2016,5
"hupwroyp",23,"F","Premium",2016,5
"hljonkus",34,"M","Premium",2016,5
"cnfoztfk",38,"M","Premium",2016,5
"fawzxgwo",37,"M","Basic",2016,5
"kfychohl",29,"F","Basic",2016,5
"vnkbqlqm",11,"M","Premium",2016,5
"teftbwkq",32,"M","Premium",2016,5
"ttdiruqp",33,"F","Basic",2016,5
"ywvlaama",34,"F","Basic",2016,5
"yvppjgvc",18,"F","Basic",2016,5
"yjebxenn",13,"F","Basic",2016,5
"saooodsj",10,"M","Basic",2016,5
"uxynmhcd",13,"F","Basic",2016,5
"enibjzxz",30,"M","Basic",2016,5
"fwkkjsey",40,"M","Basic",2016,5
"xcjfzdhu",32,"F","Basic",2016,5
"ebixrdxc",20,"M","Basic",2016,5
"kndihxrq",17,"F","Premium",2016,5
"uwxivwcl",32,"M","Premium",2016,5
"wuxlecwf",37,"F","Basic",2016,5
"objidbij",32,"F","Premium",2016,5
"nusbgvck",11,"F","Basic",2016,5
"btyscles",27,"M","Basic",2016,5
"wpoqjatt",37,"M","Premium",2016,5
"kpnocwwi",11,"M","Basic",2016,5
"alyuijjj",30,"F","Basic",2016,5
"lhnuzryc",21,"M","Basic",2016,5
"zwtghkzg",30,"M","Basic",2016,5
"dhgmeuqt",16,"M","Premium",2016,5
"xwejgkfx",19,"M","Basic",2016,5
"cmtrqtsu",11,"M","Premium",2016,5
"aunvvwug",19,"M","Basic",2016,5
"uqtxtlti",11,"F","Basic",2016,5
"nvfpsitd",34,"M","Basic",2016,5
"hguddiqi",25,"M","Basic",2016,5
"vxvjdegs",27,"M","Premium",2016,5
"xvzrwpet",11,"M","Basic",2016,5
"egovqpdd",37,"M","Premium",2016,5
"xmhzpvay",24,"M","Premium",2016,5
"efvrleni",10,"F","Basic",2016,5
"moefufst",14,"M","Premium",2016,5
"wiixxxue",34,"M","Premium",2016,5
"aioumzui",34,NA,"Basic",2016,5
"oenimfaw",20,"M","Basic",2016,5
"sfsjnomt",25,"M","Basic",2016,5
"zjdzmjeu",19,"M","Basic",2016,5
"vgpgzqrx",31,"F","Basic",2016,5
"ndzkjsuy",33,"F","Basic",2016,5
"qqqtpalh",11,"M","Basic",2016,5
"vmuyafqe",27,"M","Basic",2016,5
"ftfibtsd",10,NA,"Basic",2016,5
"ycxflxgh",13,"M","Premium",2016,5
"woqrnuct",31,"F","Basic",2016,5
"bboclgrj",31,"M","Basic",2016,5
"wjtawnhl",16,"F","Basic",2016,5
"iwenavxp",27,"F","Basic",2016,5
"qmwptxml",36,"M","Basic",2016,5
"qeenjrfm",11,"F","Basic",2016,5
"tqtewzhl",27,"M","Basic",2016,5
"nqghfooc",34,"F","Premium",2016,5
"ouzeyxwn",32,"M","Basic",2016,5
"echefckx",40,"M","Basic",2016,5
"yxqrnqjj",18,"M","Basic",2016,5
"bgckcwgc",14,"M","Basic",2016,5
"zoedbfyo",39,"F","Basic",2016,5
"gsamswxp",31,"F","Basic",2016,5
"bxxdfzqr",22,"M","Basic",2016,5
"vmmbycbs",15,"M","Basic",2016,5
"bsejzaao",36,"M","Premium",2016,5
"pmzsihnv",31,"M","Basic",2016,5
"kjdnwbrp",25,"F","Premium",2016,5
"dxqmaxvd",30,"M","Basic",2016,5
"pkiffmts",21,"F","Basic",2016,5
"naafczky",23,"M","Basic",2016,5
"qgmzehhe",34,"M","Basic",2016,5
"qduroman",15,"M","Basic",2016,5
"thlhuucp",30,"M","Basic",2016,5
"mdrihirc",29,"M","Basic",2016,5
"jarebwlm",29,"M","Basic",2016,5
"xjcidwbn",31,"M","Basic",2016,5
"txefopya",17,"M","Premium",2016,5
"ovpwswda",40,"M","Basic",2016,5
"rrecxfbv",17,"F","Basic",2016,5
"mrjbgoch",20,"M","Premium",2016,5
"ubkromji",36,"M","Premium",2016,5
"spyxgqoy",19,"M","Basic",2016,5
"qexqjota",19,"M","Basic",2016,5
"fcedgtdd",12,"F","Premium",2016,5
"atslvqrk",14,"F","Premium",2016,5
"wcqwjoli",40,"M","Basic",2016,5
"icoxedxm",23,"F","Basic",2016,5
"cpslqqgr",29,"M","Basic",2016,5
"ozoxzjze",13,"M","Premium",2016,5
"bxygombu",11,"M","Basic",2016,5
"zhabugab",31,"M","Basic",2016,5
"ntwklaeu",14,"M","Basic",2016,5
"fmcwbyrg",37,"M","Basic",2016,5
"cjktfsyk",26,"M","Basic",2016,5
"kkokqpic",29,"M","Basic",2016,5
"cntvbotu",34,"M","Basic",2016,5
"wswtaqal",15,"F","Premium",2016,5
"hidwdvba",19,"M","Basic",2016,5
"jfgmrpdn",34,"F","Basic",2016,5
"homkqslb",38,"F","Basic",2016,5
"yusjnsrg",27,"M","Basic",2016,5
"ldcmxfdj",39,"M","Basic",2016,5
"rwekehfm",32,"M","Basic",2016,5
"yabdztek",35,"M","Basic",2016,5
"phdqajuc",12,"M","Basic",2016,5
"cqtfjqii",34,"M","Basic",2016,5
"hklsuptw",13,"M","Basic",2016,5
"cuymuils",13,"M","Basic",2016,5
"ffoxdsaf",31,"M","Basic",2016,5
"hqshkyld",32,"M","Basic",2016,5
"xeyxrmtj",20,"M","Premium",2016,5
"nkfxnrqa",23,"M","Basic",2016,5
"wptvfqsu",38,"F","Basic",2016,5
"uqkgwhmk",22,"M","Basic",2016,5
"mzyjoctz",26,"F","Basic",2016,5
"vcmytzcz",12,"F","Basic",2016,5
"emmnapva",32,"M","Basic",2016,5
"ztoqkisb",29,"M","Basic",2016,5
"heetrcnr",14,"M","Basic",2016,5
"lfohilza",14,"F","Basic",2016,5
"bsoivkjc",21,"M","Basic",2016,5
"rvmyicxo",22,"M","Basic",2016,5
"quqetmss",11,"M","Basic",2016,5
"zfgpuxtj",23,"M","Basic",2016,5
"vqkyfdot",31,"F","Basic",2016,5
"pfturvus",14,"F","Basic",2016,5
"dbvdiwgu",29,"F","Basic",2016,5
"soyhpnae",13,"M","Basic",2016,5
"nddzvhss",18,"F","Basic",2016,5
"zodzkour",18,"F","Premium",2016,5
"chhpnjxa",25,"M","Basic",2016,5
"jwvmsozs",21,"M","Basic",2016,5
"kfjkymcg",35,"M","Basic",2016,5
"dizsvnkz",24,"M","Basic",2016,5
"hpqwklgd",35,"M","Premium",2016,5
"sohxssxh",18,"M","Basic",2016,5
"hxyinulr",37,"M","Basic",2016,5
"siirwsrx",27,"M","Basic",2016,5
"kalklyjc",21,"F","Basic",2016,5
"iuzhtycy",20,"M","Basic",2016,5
"umadjduq",28,"M","Basic",2016,5
"ekhisqsy",17,"F","Basic",2016,5
"zoxtbxpb",33,"M","Basic",2016,5
"ppwiangs",29,"M","Basic",2016,5
"sungvdop",29,"M","Basic",2016,5
"kzldnjtt",39,"M","Basic",2016,5
"hovindjz",34,"F","Basic",2016,5
"crqqvicm",12,"M","Basic",2016,5
"srltjepv",15,"M","Basic",2016,5
"wbkzzelg",32,"M","Basic",2016,5
"rsbjkamv",39,"F","Basic",2016,5
"sfldpcsb",39,"M","Basic",2016,5
"raundtng",17,"M","Basic",2016,5
"bkgrtbnh",37,"M","Basic",2016,5
"pmmsmorm",32,"M","Basic",2016,5
"uoydcrui",21,"M","Premium",2016,5
"difpcpxn",32,"M","Basic",2016,5
"ziantfdb",12,"M","Basic",2016,5
"ppzsuqzw",24,"M","Basic",2016,5
"cjapqkms",20,"F","Premium",2016,5
"dbsdsqfg",38,"M","Premium",2016,5
"rqoyvkiv",10,"F","Basic",2016,5
"cmohyxod",22,"F","Basic",2016,5
"tgxtkbkn",25,"M","Basic",2016,5
"fnxnicun",22,"F","Basic",2016,5
"huawndkv",18,"M","Basic",2016,5
"puanqtjg",26,"M","Premium",2016,5
"mnbhevkp",34,"M","Basic",2016,5
"mzqvoosp",37,"F","Basic",2016,5
"uliqowbh",30,"F","Basic",2016,5
"vgabvivg",19,"F","Basic",2016,5
"mftmpyrz",25,"M","Basic",2016,5
"hdyqmofc",39,"F","Basic",2016,5
"yxukpvql",31,"F","Premium",2016,5
"lhtlfxew",39,"M","Premium",2016,5
"ujuirevs",30,"M","Basic",2016,5
"xvhhhfnr",28,"M","Premium",2016,5
"arhcclac",10,"M","Basic",2016,5
"rxgxcgxc",23,"M","Premium",2016,5
"pupxylcw",18,"F","Basic",2016,5
"nbdkgqvo",33,"M","Basic",2016,5
"sdlzhsds",38,"F","Basic",2016,5
"ztnqbfag",10,"F","Basic",2016,5
"utpiuume",17,"M","Basic",2016,5
"amadboes",35,"F","Basic",2016,5
"xbsedvoq",35,"F","Basic",2016,5
"ffujauiy",18,"M","Premium",2016,5
"qaygcdyl",37,"M","Premium",2016,5
"lxbdqmms",35,"M","Basic",2016,5
"nqkhqqfh",12,"M","Premium",2016,5
"hubvcwzw",34,"M","Basic",2016,5
"xpljriyc",39,"F","Basic",2016,5
"stcyjbit",11,"F","Premium",2016,5
"zihduuhf",26,"M","Premium",2016,5
"gssyvjof",26,"M","Premium",2016,5
"nyvtqdsk",31,"M","Basic",2016,5
"eajwwqtk",16,"M","Basic",2016,5
"vwinosva",31,"M","Premium",2016,5
"wcqnwqpg",16,"F","Basic",2016,5
"llfrdsnq",15,"M","Basic",2016,5
"hgwifjsk",30,"F","Basic",2016,5
"ferezmnh",40,"M","Basic",2016,5
"feuhazlk",20,"M","Basic",2016,5
"hwnliomp",34,"M","Basic",2016,5
"mmcskauq",21,"F","Basic",2016,5
"bczrtnnf",14,"M","Basic",2016,5
"ttfjzefw",26,"M","Basic",2016,5
"ihrsmqdg",16,"M","Basic",2016,5
"vbfkuemo",26,"F","Basic",2016,5
"ojbjtxkz",16,"M","Basic",2016,5
"wqmrbxij",12,"F","Basic",2016,5
"lditufor",27,"M","Premium",2016,5
"wxphzbwy",28,"M","Basic",2016,5
"urtyglnf",18,"M","Basic",2016,5
"ofolgftn",20,"M","Basic",2016,5
"sphruuqy",26,"M","Basic",2016,5
"jznnzicc",30,"M","Basic",2016,5
"ozoyjaqp",33,"M","Basic",2016,5
"yturxcae",32,"M","Basic",2016,5
"aqvmkcal",23,"F","Premium",2016,5
"ufcfeont",40,"F","Basic",2016,5
"olpyngkb",36,"F","Premium",2016,5
